property_name,count,category,value_string,value_string validated,evidence validated,data_type,rubric,descriptions,SI,is_condition
q-vector,30,Structural,"Ki, π/5(1, ±1), 2k_F, pi/2, G = Gx^, around (π, π), (π, π), (1/2 ± 0.134, 1/2 ± 0.134, 0), (1/2± 0.134, 1/2± 0.134, 0), (1/2±epsilon, 1/2±epsilon, 0), (2±2epsilon, 0, l), L-point, (0, 0, 3/7), (0, 0, 1/4 +/- delta), quantized values, 2kF, ≈ 5/7 * 2π/a, (1,0,0), (0, 2kF, 0), 2Q, step function, 0.86 π, 0.67 π, 0.48 π, q1, q2, q3, q1+q2, qn = 2/3 GammaM, (0.026, 0, 0), (0, 0, 0.166), (1/3, 0, 0), (π, π, . . .), (0.23, 0, 0.5), (4.23, 0, L), (3.77, 0, L), (3.23, 0, L), (3.77, 1, L), (3.23, 1, L), (2.77, 1, L), (π, π, ...), (π, π, π, .....), (π, π, ..., π), Brillouin zone corner X = -1, monotonously increases with increasing pressure, ≈ (2/7)c*, pi, π, Q ≠ 2pF, (0, 2pF + q, 0), (0, 2p_F + q, 0), q=0, q!=0, 2π/(4a0)...2π/(5a0), (0, 1/2, 0), 0.480(2), (1 - ε)a*/2, (2/7)c*, π/2, π/4, close to (1/3 0 0) and (2/3 0 0), 2/7c*, (π, π, 0), 2q, (π,π,0), 0.265 a*, 0.277 a*, (π/a, π/a), (0.38, 0.16, 0), (0.5, 0, 0), 0.36 Gamma-K, 0.75 Gamma-M, (0.25, 0.5, 0), (0, 0.328(2), 0.5), (δ1, 0, 0.5) and (0, δ2, 0.5), 0.645, 0.508 ≲ |k| ≲ 1.29, (π, π, . . . ), 0, (2Q, 0), (0, 2Q), (2Q, ±2Q), (±2Q, ±2Q), (2Q, 0) and (0, 2Q), (2Q, 0) and/or (0, 2Q), 2k, q = (2/7c*), 0.325μ, 2/7 c*, 1/3 a*, 0.3, (0, 0, 0.295), q_CDW, (0, 0, 0.3), 2π/(3c0), 3/13 a* + 1/13 b*, q_CCDW = 3/13 a* + 1/13 b*, q ≈ 1/3 a*, ≈ 1/3 a*, (Q, 0), (0, Q), (1/14, 0, 1/3), (0.07, 0, 0.33), (0.07a*, 0, 0.33c*), (Q, 0) or (0, Q), (Q, ±Q), (0, 0, ~2/7c*), (~1/3a*, 0, 0), (Q0, 0), Qx = (Q0, 0), Qx = (Q0, 0) and Qy = (0, Q0), (±Q0, 0) and (0, ±Q0), ~ 2/7 c*, near 3/13a* + 1/13b*, approx 1/3a*, 3/13a* + 1/13b*, decreases slightly with increased hole doping, (0.026 0 0), (0 0 0.16), ~ 2.33 Å^-1, constant, δ, nearly-commensurate, 0.263b*, ~ 0.250b*, 0.255c* -> 0.252c*, 0.250c*, 0.263b* -> ~0.250b*, 0.253b*, 0.247b*, 0.245b* -> 0.241b*, 0.260b*, 0.255c*, 0.252c*, 0.245b*, 0.241b*, Q1 = (1/4, 0, 2/3), qCDW, 0.1, 0.01, q_L = q_M + (pi/c)e_Z, q1 = b1/2, q2 = (b2 - b1)/2, q3 = -b2/2, M point, 0.23 r.l.u., half-integer, (0, 0.25, 14.5), 4/13 a* - 1/13 b*, (1,1,0.3), (1,0,0.3), (3,1,l), (1-h, 7, 3), q_CDW,1, q_CDW,2, (1, 0, 0.3), (0.3, 0, 0), (0.125, 0, 0.125), (0, 0, 0.25), approx (0, 0, 0.3), (0.68, 0, 0), (0,0,0.298), (0.656,0,0), (1, 1, 0.3), (0.32, 7, 3), (0.68, 0, 4), (3,7,0.3), (3,1,0.3), approx (0.3,0,0), approx (0.7,0,0), (h, 7,3), (h, 1,3), (h, 0,4), approx (0,0,0.3), (0.32, 0, 0), ~ 0.33 r.l.u., (0, 2-q, 1/2) with a q ~ 0.3, (0.329, 0, 0), (±2π/3a, 0), (±4π/3a, 0), (±π/a, √3π/a), (±π/3a, π/√3a), (0, 2π/√3a), 2π/3a, π/a, 4π/3a, |q| = 2π/3a, Gamma, (0, 0), 0.668 2π/a, 0.325 2π/a, 0.673 2π/a, 0.329 2π/a, 0.326 2π/a, 0.676 2π/a, increases with doping and saturates for x > 0.125, 0.240 r.l.u., 2δ_SDW, 0.24 r.l.u., defined in units of 2kF, approx 1.10, approx 1.56, 0.4 < q < 1, q ~ 1.1, q = 1, q ~ 1.5, 1.1, 1.56, (0, 0.243, 0), (0.5, 0.263, 0.5), 0.335μ, 0.280 mu, 0.300 mu, 0.320 mu, 0.335 mu, 0.360 mu, k_c, (0, 0, 0.296), (0, 0; ~ 2/7 c*), (~ 2/7 a*, 0, 0), 2/3 ΓM, 0.56 ΓM, close to 2/3 ΓM, ~ 2/3 ΓM, (0.26 b*, 0.5 c*), q1 = (0.0, 0.243, 0.0), q2 = (0.5, 0.263, 0.5), 2Q = π, (π, 0, 0)/a0, (π/a0, 0, 0), (0.305, 0), (0, 0.315), (h ± 0.28, k, l), (h, k ± 0.28, l), (h ± 1/3, k, l ∓ 1/3), decreases with decreasing temperature, locked in, (0, 0.28, 0), (0, 1/3, 0), 0.28, 1/2, 1/3, 0.31, (1/3, 0, 0)tri, (0, 1/2, 0)tri, (1/2, 0, 0)tri, 2 x 2, Qα, (0.5, 0.5, 0.25), (0.5, 0, 0) and (0, 0.5, 0), q = (0.5, 0.5, 0.25), (0.5, 0.5), (π, 0), ~1/4 G, (\pi/3, 0), \pm 2Q_1, ±Q1, ±Q2, ±Q1 ± 2Q2, ±Q2, ±Qν, ±3Qν, ±Qν ± 2Qν, ±2Qν ± 3Qν (ν = 1, 2), ±2Q1 ± 2Q2, ±2Q1, ±2Q2, ±Q1 ± Q2, (π/3, 0), (0, π/3), (0.28 0 0) and (0 0.28 0), (1/3 0 1/3), (4, 1 ± 0.28, 1), (4 ± 0.28, 1, 1), (4.28, 1, 1), (0 0.83 0), twice as large as the SDW one, (0, 0.83, 0), (1/2, 0, 1/2), q1, p1, 0.5 to 0.8, 0.5, (2π/a)(1/3, 0, 0), (2π/a)(1/2 - ǫ, 0, 0), ≈ (0.6π, 0), (3π/4, 0), (5π/8, 0), (9π/16, 0), (19π/32)","(0, 0, 3/7), Q ≠ 2pF, q=0, q!=0, (0, 1/2, 0), 0.480(2), 0, (2Q, 0), (0, 2Q), (2Q, ±2Q), (±2Q, ±2Q), (2Q, 0) and (0, 2Q), (2Q, 0) and/or (0, 2Q), 2k, q = (2/7c*), approx 1/3a*, 3/13 a* + 1/13 b*, ≈ 1/3 a*, 3/13a* + 1/13b*, ~ 2.33 Å^-1, 0.240 r.l.u., 2δ_SDW, 0.24 r.l.u., q1, p1, ≈ (0.6π, 0), (3π/4, 0), (5π/8, 0), (9π/16, 0), (19π/32)","* periodic lattice distortion with the wave vector q = (0, 0, 3/7) [5]
* between these two first order transitions, there exists a new non-SWS state, which is characterized by an incommensurate nesting vector, Q ≠ 2pF.
* Peierls State q=0
* Non-Soliton State q!=0
* SWS Phase q!=0
* doubling the unit cell along the b-axis with the appearance of superlattice reflections with wavevector q = (0, 1/2, 0)
* A new pair of superlattice peaks are observed around the (200) Bragg peak with incommensurate wave vector q = 0.48.
* Tt is the temperature below which a q = 0 order emerges, breaking time-reversal symmetry.
* comparison with our results on CDW order with Qx = (2Q, 0)
* comparison with our results on CDW order with ... Qy = (0, 2Q)
* we also consider charge order with momenta Q = (2Q, ±2Q)
* Appendix F: Bond order with diagonal momenta (±2Q, ±2Q)
* THE ONSET OF CDW ORDER WITH MOMENTUM (2Q, 0) AND (0, 2Q) AT ξ = ∞
* detected a static incommensurate charge density-wave (CDW) order with momenta Qx = (2Q, 0) and/or Qy = (0, 2Q)
* PDW order ... with the total momentum Q = 2k
* We show that magnetically-mediated interaction... also gives rise to charge order with momenta Qx = (2Q, 0) and Qy = (0, 2Q) consistent with the experiments.
* CDW order with momenta Qx = (2Q, 0) and Qy = (0, 2Q)
* we also consider charge order with momenta Q¯ = (2Q, ±2Q), as depicted in Fig. 22.
* reported to be driven by imperfect Fermi surface nesting with a wave vector q = (2/7c*)
* driven by FS nesting with an incommensurate wave vector q = (2/7c*).
* For 1T-TaTe2, the area of instability is centered near qCDW ≈ 1/3a* (Fig. 3 (o))
* reported qCCDW = 3/13 a* + 1/13 b* ... for 1T-TaSe2
* q ≈ 1/3 a* for ... 1T-TaTe2
* Clearly, the maxima of χ' and χ'' locate far away from qCCDW = 3/13 a* + 1/13 b*.
* with qCCDW = 3/13a* + 1/13b*
* only a 1st order satellite peak can be detected for T <= 30 K at Q ~ 2.33 Å^-1 (Figure 4)
* the wavevectors of the pCDW are doping independent and broadly peaked at |QpCDW| = 0.240 r.l.u.
* the CDW wavevector is expected to follow the SDW with a simple |QCDW| = 2δSDW relation that is observed in La-based cuprates at low temperature
* measured at QCDW = 0.24 r.l.u.
* q1 (red arrow), which is related to the (√7 × √3) CDW
* projection of p1 (blue arrow) along the K-M-K direction ... which is related to the (4 × 4) CDW.
* In the following we consider a scattering vector Q ≈ (0.6π, 0) which in our model is realized for hole concentrations δ ≈ 0.25.
* Q = (3π/4, 0)... corresponding to the commensurabilities M = 8
* Q = ... (5π/8, 0)... corresponding to the commensurabilities M = ... 16
* Q = ... (9π/16, 0)... corresponding to the commensurabilities M = ... 32
* Q = ... (19π/32) corresponding to the commensurabilities M = ... 64",vector,0.1% SI,,m^-1,FALSE
lattice constant a,21,Structural,"3.80 Å, 1.229 nm, 10.0 Å, 4.4 Å, approx 17 Å, 12.4756, 12.4767, 12.4795, 12.4837, 12.4923, 12.5103, 12.5427, 12.6082, 12.8281, decreases on going from R = La to R = Tm, 3.787 Å, linear expansion, 1, 12.4936 Å, 0.5426 nm, 0.3905 nm, 3.729(5) Å, 3.746(11) Å, sqrt(4pi/sqrt(3))lB, 5.8788 Å, 5.8852 Å, 5.7264 Å, 5.7284 Å, 5.8187 Å, 5.8221 Å, 4.0782 Å, 4.0781 Å, 4.0394 Å, 4.0780 Å, 4.0527 Å, 3.455 Å, 3.33 Å, 3.3295 Å, 3.3230 Å, ~ 3.82 Å, 9.923 ± 0.0005 Å, 4.316 Å, 3.406 Å, 3.507 Å, 3.622 Å, 5.89 Å, 0.0006, 3.540 Å, 3.434 Å, 3.536 Å, 3.510 Å, 7.08, 7.072, 7.076, 7.019, 7.023, identical to lattice constant c, 4.307 Å, 3.3137(2) Å, 3.43910(5) Å, 3.85 Å, 4.0372(1) Å, 4.0391(1) Å, 5.7066(1) Å, 3.78 Å, 3.44Å, 3.519 Å, 3.528 Å, 3.531 Å, 4.9431(4) Å, 4.9795 Å, 5.1884(7) Å, 5.2585 Å, 3.8753(2) Å, 3.8239(5) Å, 3.7834(1) Å, 0.349 ± 0.002 nm, 0.335 nm, 3.54 Å, 4.407 Å, 3.783(1) Å, 3.647(1) Å, 3.44 Å, 3.45 Å, 3.53 Å, 3.52 Å, 3.51 Å, 3.50 Å, ~ 3.35 Å, 3.35 ± 0.09 Å, 3.64 Å, 3.35 Å, 3.79 Å, 4.29 Å, 10.615 Å, 10.009 Å, no signature at PCDW, 2a0, 4.1347(9) Å, 4.1237(10) Å, 4.1503(14) Å, 3.9609(5) Å, 3.9571(4) Å, 5.6109(11) Å, 4.1413(6) Å, 4.1254(7) Å, 4.1508(13) Å, 4.1358(8) Å, 4.1218(4) Å, 4.1296(14) Å, 3.81 Å, 3.8403 Å, 5.4333 Å, 5.45 Å, 5.52 Å, 11.05410(13) Å, 3.351 Å, 3.318 Å, 5.805 Å, 3.471 Å, 3.448 Å, 6.013 Å, 3.646 Å, 3.673 Å, 6.567 Å, 3.354 Å, 3.319 Å, 5.813 Å, 3.474 Å, 6.014 Å, 3.620 Å, 3.660 Å, 6.532 Å, 0.384 nm, 4.31 Å, 3.575 Å, 3.32 Å, shows negligible change, 5.495Å, 3.34 Å, ~3.35 Å, 22.8560 Å","12.4756, 12.4767, 12.4795, 12.4837, 12.4923, 12.5103, 12.5427, 12.6082, 12.8281, 12.4936 Å, 3.729(5) Å, 3.746(11) Å, 3.406 Å, 3.622 Å, 3.507 Å, 4.0372(1) Å, 4.0391(1) Å, 5.7066(1) Å, 3.79 Å, 3.575 Å, 3.32 Å","* 0.00 | 12.4756 | 4.1767 | 650.0682 | 0.33482
* 0.005 | 12.4767 | 4.1770 | 650.2361 | 0.33479
* 0.01 | 12.4795 | 4.1775 | 650.5915 | 0.33475
* 0.02 | 12.4837 | 4.1781 | 651.1333 | 0.33469
* 0.05 | 12.4923 | 4.1804 | 652.381 | 0.33464
* 0.10 | 12.5103 | 4.1825 | 654.5845 | 0.33432
* 0.20 | 12.5427 | 4.1877 | 658.8020 | 0.33387
* 0.40 | 12.6082 | 4.2008 | 667.7873 | 0.33318
* 1.00 | 12.8281 | 4.2415 | 697.98187 | 0.33064
* thus the a and b-axis are degenerate a = b = 12.4936 Å
* At P=12.3 GPa we find a=3.729(5) Å
* Above Pc, three new peaks belonging to the high-pressure phase could be indexed ... in a pseudo-orthorhombic unit cell setting with a=3.746(11) Å
* TaSe2 3.406
* TaTe2 3.622
* TaSeTe(O) 3.507
* a (Å) 4.0372(1)
* a (Å) 4.0391(1)
* a (Å) 5.7066(1)
* a (Å) ... 5.7066(1)
* We define our reciprocal lattice units (r.l.u.) in terms of the low-temperature tetragonal unit cell with a = b = 3.79 Å and c = 13.14 Å.
* where (ab, at)=(3.575Å, 3.32Å) are the lattice constant of MoTe2 and WSe2, respectively.",float,0.1% SI,,m,FALSE
lattice constant c,20,Structural,"13.1 Å, 15.6 Å, 4.1767, 4.177, 4.1775, 4.1781, 4.1804, 4.1825, 4.1877, 4.2008, 4.2415, 13.24 Å, 4.1852 Å, 0.7679 nm, 0.7622 nm, 7.27(22) Å, 6.94(57) Å, 5.4313 Å, 5.4339 Å, 5.4507 Å, 5.4618 Å, 5.5230 Å, 5.5273 Å, 13.4835 Å, 13.4566 Å, 14.1232 Å, 13.4925 Å, 13.3237 Å, 25.15 Å, 11.95 Å, 9.11, ~ 11.7 Å, 5.732 ± 0.0005 Å, 4.31 Å, 6.086 Å, 6.337 Å, 6.572 Å, 10.09 Å, 0.0013, 0.0006, 6.007 Å, 5.792 Å, 6.719 Å, 6.165 Å, 12.014, 13.438, 13.456, 12.331, 12.339, identical to lattice constant a, 12.076(1) Å, 12.7067(2) Å, 8.7505(1) Å, 8.7640(1) Å, 8.7206(1) Å, 8.7310(1) Å, 13.28 Å, 12.54Å, 23.57, 6.130 Å, 6.104 Å, 6.113 Å, 4.9685(4) Å, 5.0110 Å, 7.5402(17) Å, 7.66382 Å, 6.1601(3) Å, 6.1448(1) Å, 6.1285(1) Å, 0.610 nm, (0.590 ± 0.001) nm, 0.611 nm, 0.590±0.001 nm, 0.590 nm, 10 Å, 4.42 Å, 6.129(1) Å, 6.069(1) Å, 12.5 Å, 6.01 Å, 5.99 Å, 5.97 Å, 5.95 Å, 5.93 Å, 13.14 Å, 4.303 Å, 15.604 Å, 15.629 Å, a0, 11.6526(39) Å, 11.6569(39) Å, 6.4548(24) Å, 13.0164(23) Å, 12.9498(19) Å, 12.9505(24) Å, 11.6424(24) Å, 11.6463(26) Å, 6.4579(22) Å, 11.6468(35) Å, 11.6363(17) Å, 6.4817(24) Å, 8.9986 Å, 9.07 Å, 9.35 Å, 9.36 Å, 37.334(5) Å, ≈ a, significantly reduced, 9.309Å, 13.3193 Å","4.1767, 4.177, 4.1775, 4.1781, 4.1804, 4.1825, 4.1877, 4.2008, 4.2415, 4.1852 Å, 7.27(22) Å, 6.94(57) Å, 6.086 Å, 6.572 Å, 6.337 Å, 8.7505(1) Å, 8.7640(1) Å, 8.7206(1) Å, 8.7310(1) Å, 13.14 Å","* 0.00 | 12.4756 | 4.1767 | 650.0682 | 0.33482
* 0.005 | 12.4767 | 4.1770 | 650.2361 | 0.33479
* 0.01 | 12.4795 | 4.1775 | 650.5915 | 0.33475
* 0.02 | 12.4837 | 4.1781 | 651.1333 | 0.33469
* 0.05 | 12.4923 | 4.1804 | 652.381 | 0.33464
* 0.10 | 12.5103 | 4.1825 | 654.5845 | 0.33432
* 0.20 | 12.5427 | 4.1877 | 658.8020 | 0.33387
* 0.40 | 12.6082 | 4.2008 | 667.7873 | 0.33318
* 1.00 | 12.8281 | 4.2415 | 697.98187 | 0.33064
* while the c-axis size is c = 4.1852 Å.
* and c=7.27(22) Å as referred to the pseudo-orthorhombic setting.
* and c=6.94(57) Å.
* TaSe2 ... 6.086
* TaTe2 ... 6.572
* TaSeTe(O) ... 6.337
* c (Å) 8.7505(1)
* c (Å) 8.7640(1)
* c (Å) 8.7206(1)
* c (Å) ... 8.7310(1)
* We define our reciprocal lattice units (r.l.u.) in terms of the low-temperature tetragonal unit cell with a = b = 3.79 Å and c = 13.14 Å.",float,0.1% SI,,m,FALSE
atomic fractional coordinates,18,Structural,"(0, 0, 0), (0.5, 0.5, 0.5), (0.2507(1), 0.2507(1), 0.2507(1)), (0, 0.3577(1), 0.1442(1)), (0.5, 0.8583(1), 0.6429(1)), (0.2508(1), 0.2508(1), 0.2508(1)), (0.7494(1), 0.7494(1), 0.7494(1)), (0.0001(4), 0.3576(1), 0.1443(1)), (0.4997(4), 0.8582(1), 0.6429(1)), (±0.0106, 0, ±0.36), (0.5, 0.4894, 0.14), z_Se = ±0.271, z_Se = 0.249, z_Te = -0.296, z_Te = ±0.274, (-0.0105614, -0.0105614, 0.0000000), (-0.0113010, -0.0113010, -0.0000000), (0.1666666, 0.3376787, 0.1152080), (0.1672981, 0.3376220, 0.1155628), (0.3376788, 0.1666666, -0.1152080), (0.3376221, 0.1672982, -0.1155628), (0.0105614, 0.0105614, 0.5000001), (0.0113010, 0.0113010, 0.5000001), (-0.0080061, -0.0080061, 0.0000000), (-0.0081278, -0.0081278, 0.0000000), (0.1666667, 0.3365859, 0.1259154), (0.1668046, 0.3365521, 0.1260378), (0.3365859, 0.1666665, -0.1259154), (0.3365520, 0.1668043, -0.1260378), (0.0080061, 0.0080061, 0.4999999), (0.0081277, 0.0081277, 0.4999999), (-0.0077212, -0.0077212, 0.0000000), (0.1666666, 0.3363905, 0.1276883), (0.3363906, 0.1666666, -0.1276883), (0.0077212, 0.0077212, 0.5000000), (0.1666666, 0.3302759, 0.6276883), (0.3302760, 0.1666666, 0.3723117), (0.0077211, 0.4999998, 0.0000000), (0.1666668, 0.8333335, 0.1276883), (0.3302762, 0.6636096, -0.1276883), (-0.0077213, 0.4999998, 0.5000000), (0.1666668, 0.8333335, 0.6276883), (0.3363908, 0.6697242, 0.3723117), (-0.0077862, -0.0077862, 0.0000000), (0.1667914, 0.3363670, 0.1278971), (0.3363671, 0.1667914, -0.1278971), (0.0077862, 0.0077862, 0.5000000), (0.1667914, 0.3304242, 0.6278971), (0.3304244, 0.1667914, 0.3721029), (0.0077861, 0.4999998, 0.0000000), (0.1666668, 0.8333335, 0.1277357), (0.3304245, 0.6636332, -0.1278971), (-0.0077863, 0.4999998, 0.5000000), (0.1666668, 0.8333335, 0.6277357), (0.3363672, 0.6695759, 0.3721029), (-0.0074786, -0.0074786, 0.0000000), (0.1666666, 0.3362550, 0.1275200), (0.3362551, 0.1666666, -0.1275200), (0.0074786, 0.0074786, 0.5000000), (0.1666666, 0.3304114, 0.6275200), (0.3304115, 0.1666666, 0.3724800), (0.0074785, 0.4999998, 0.0000000), (0.1666668, 0.8333335, 0.1275200), (0.3304116, 0.6637451, -0.1275200), (-0.0074787, 0.4999998, 0.5000000), (0.1666668, 0.8333335, 0.6275200), (0.3362553, 0.6695888, 0.3724800), (-0.0075626, -0.0075626, 0.0000000), (0.1667657, 0.3362053, 0.1276938), (0.3362055, 0.1667657, -0.1276938), (0.0075626, 0.0075626, 0.5000000), (0.1667657, 0.3305602, 0.6276938), (0.3305604, 0.1667657, 0.3723062), (0.0075625, 0.4999998, 0.0000000), (0.1666668, 0.8333335, 0.1275652), (0.3305605, 0.6637948, -0.1276937), (-0.0075627, 0.4999998, 0.5000000), (0.1666668, 0.8333335, 0.6275652), (0.3362056, 0.6694399, 0.3723063), (-0.0000000, -0.0085705, 0.0000000), (0.1694345, 0.3362317, 0.1249038), (0.3333333, 0.1666666, -0.1247564), (0.0000000, 0.0085705, 0.5000000), (0.1637681, 0.3305653, 0.6249038), (0.3333333, 0.1666666, 0.3752436), (-0.0000001, 0.4999998, 0.0000000), (0.1637683, 0.8332029, 0.1249038), (0.3332028, 0.6637684, -0.1249038), (-0.0000001, 0.4999998, 0.5000000), (0.1694347, 0.8332029, 0.6249038), (0.3332028, 0.6694348, 0.3750962), (0.5085703, 0.0085704, -0.0000000), (0.6667972, 0.3305653, 0.1249038), (0.8305654, 0.1667973, -0.1249038), (0.4914297, -0.0085704, 0.5000000), (0.6667972, 0.3362317, 0.6249038), (0.8362318, 0.1667973, 0.3750962), (0.4914296, 0.4999998, 0.0000000), (0.6666667, 0.8333335, 0.1247564), (0.8362320, 0.6694348, -0.1249038), (0.5085702, 0.4999997, 0.5000000), (0.6666667, 0.8333335, 0.6247564), (0.8305656, 0.6637684, 0.3750962), z ≈ ±0.27, 0.249, -0.296, z = ±0.271, z = ±0.274, z = 0.249, z = -0.296, (¼, ¼, 0.1411(1)), (¾, ¼, ½), (¼, ¼, 0.6518(1)), (¾, ¼, 0), (¼, ¼, 0.1409(1)), (¼, ¼, 0.6521(1)), (0, 1/4, 0.1417(1)), (1/4, 0, 1/2), (0, 1/4, 0.6511(1)), (1/4, 0, 0), (0, 1/4, 0.1415(1)), (0, 1/4, 0.6514(1)), (0.5, 0.7126(1), 0.25), (0, 0.1895(6), 0.25), (0.2112(15), 0.918(4), 0.4645(14)), (0.2414(16), 0.397(5), 0.3931(16)), (0.5, 0.70415, 0.25), (0, 0.18652, 0.25), (0.20969, 0.91069, 0.45827), (0.24264, 0.38919, 0.39126), (0.5162(3), 0.7675(3), -0.0358(2)), (-0.04762(17), 0.48387(13), 0.20900(13)), (0.223(3), 0.511(3), 0.034(2)), (-0.150(3), 0.790(3), 0.155(2)), (0.117(3), 0.670(3), 0.371(2)), (-0.375(3), 0.457(3), 0.300(3)), (0.51039, 0.76775, -0.02630), (-0.04827, 0.48930, 0.20798), (0.22598, 0.50807, 0.03741), (-0.14766, 0.79670, 0.14945), (0.11768, 0.67751, 0.36775), (-0.3123, 0.46837, 0.29774), (a/2√3, -a/2, zSe), -(a/2√3, -a/2, zSe), (0, 0, 1/2), (1/2, 0, 1/4), (1/2, 0, 1/4 + delta), (0, 0, 0.34757(13)), (1/2, 0, 0.24732(56)), (0, 0, 0.34770(12)), (0.76680(108), 0.25401(143), 0.49777(119)), (0.62824(54), 0.65844(82), 0.31153(34)), (0, 0, 0.35411(5)), (0, 0, 0.35383(6)), (1/4, 1/4, 1/4), (0, 0, 0.35386(7)), (0, 0, 0.34727(10)), (1/2, 0, 0.24998(13)), (0, 0, 0.34755(9)), (0.72064(108), 0.24534(249), 0.49955(192)), (0.67837(71), 0.65326(195), 0.31105(34)), (0, 0, 0.34704(9)), (1/2, 0, 0.24803(15)), (0, 0, 0.34708(16)), (0.76375(77), 0.25968(78), 0.50058(43)), (0.64531(64), 0.66750(65), 0.30580(29)), y = 0, y = 0.5, y = 0.25, y = 0.75, (0.8689(2), 0, 0.1148(3)), (0.1884(2), 0, 0.2868(3)), (0.3341(2), 0, 0.4540(3)), (0.6375(2), 0, 0.3184(3)), (0.2373(2), 0, 0.6611(3)), (0.1299(2), 0, 0.4189(3)), (0.25, 0.25, 0.5), (0.63406(8), 0, 0.1069(1)), (0.09466(8), 0, 0.5866(1)), (0.04062(8), 0, 0.1637(1)), (0.27714(8), 0, 0.2063(1)), (0.52477(7), 0, 0.3447(1))","z ≈ ±0.27, 0.249, -0.296, z = ±0.271, z = ±0.274, z = 0.249, z = -0.296, (¼, ¼, 0.1411(1)), (¼, ¼, 0.6518(1)), (¾, ¼, 0), (¼, ¼, 0.1409(1)), (¼, ¼, 0.6521(1)), (0, 1/4, 0.1417(1)), (1/4, 0, 1/2), (0, 1/4, 0.6511(1)), (1/4, 0, 0), (0, 1/4, 0.1415(1)), (0, 1/4, 0.6514(1))","* From Table I, one can notice that the optimized z-coordinates of X atoms in pristine 1T-TaX2 (X = Se, Te) is about ±0.27.
* However, for 1T-TaSeTe(O), the z-coordinates of X atoms change to zSe = 0.249 and zTe = -0.296
* zSe = ±0.271
* zTe = ±0.274
* zSe = 0.249
* zTe = -0.296
* La 2c ¼ ¼ 0.1411(1)
* As 2c ¼ ¼ 0.6518(1)
* O 2b ¾ ¼ 0
* La 2c ¼ ¼ 0.1409(1)
* As 2c ¼ ¼ 0.6521(1)
* La 4g 0 ¼ 0.1417(1)
* (Fe,Mn) 4b ¼ 0 ½
* As 4g 0 ¼ 0.6511(1)
* O 4a ¼ 0 0
* La 4g ... 0 ¼ 0.1415(1)
* (Fe,Mn) 4b ... ¼ 0 ½
* As 4g ... 0 ¼ 0.6514(1)
* O 4a ... ¼ 0 0",vector,0.1% SI,,,FALSE
modulation period,15,Structural,"4, 2, inversely proportional to the doping density, twice that of the charge density modulation, decreases with the increase of V, 2a, 4a, 3a, mainly 3a, 4 lattice constants, 8 sites, period-two, √2 × √2 × 1, about 16 Å, 16 Å, 16-Å, 2.3-2.8, 2.5 - 5.5 l, 3 - 8 l, 3 - 6.5 l, 3c0, approximately every 3 nm, √3a, 4kF-oscillations, 4k_F, 2πn = 4kF, 4kF = 2πn, ~ 16 Å, 3 to 5 lattice constants, 4 × 4, 4 × 1, 2 × 1, 3 × 1, 5 × 1, wavelength of three lattice constants, period tripling, 2 lattice parameters, period of three lattice parameters, two lattice parameters, 4.7 nm, twice smaller then the one of the staggered current, ~55.4 Å, about twelve-unit cell","2a, 4a, 3a, mainly 3a, 2.3-2.8, 2.5 - 5.5 l, 3 - 8 l, 3 - 6.5 l, ~ 16 Å, 4 × 4, 4 × 1, 2 × 1, 3 × 1, 5 × 1, 4.7 nm","* Nd1/2Sr1/2MnO3 (Fig. 2-a), where the CO is homogeneous with periodicity Lambda = 2a (a = lattice constant)
* La1/4Ca3/4MnO3 (c) where Lambda = 4a
* La3/8Ca5/8MnO3 (Fig. 2-b), where electron diffraction shows a coexistence of Lambda = 2a (25%) and Lambda = 3a (75%)
* Here, for the CDW at x = 3/4 (5/8) with period 4a (mainly 3a)
* The periods we find are comparable to those in single layer systems, where a/Rc is typically between 2.3 and 2.8.
* Figure S2. The period (wave length) of the charge-density wave a = |a1| (a) in the stripe phase... [Color bar ranges from 2.5 to 5.5]
* Figure S2. The period (wave length) of the charge-density wave... (b) in the rhombic/hexagonal phases... [Color bar ranges from 3 to 8]
* Figure S2. The period (wave length) of the charge-density wave... (c) in the rectangular/square phases. [Color bar ranges from 3 to 6.5]
* The corresponding real space CDW period, λpCDW = 1/QpCDW ~ 16Å
* The zoomed-in images of the first layer exhibit voltage dependent 4 × 4 and 4 × 1 modulations
* In the 4 × 1 area, the upper Te layer forms stripes with different brightness, where a 2 × 1 period stands out.
* modulations of other periods may come out, e.g., the 4 × 1 modulation... In conclusion, we investigated VTe2 ML on the HOPG substrate with 4 × 4 CDW and local 4 × 1 patterning.
* In conclusion, we investigated VTe2 ML on the HOPG substrate with 4 × 4 CDW
* collection of periods has been discovered, such as 2 × 1 for few layers [18,26]
* 3 × 1 for bulk [27,28]
* and 4 × 1, 5 × 1 for ML [19]
* for aM ≈ 4.7 nm",float,0.1% SI,,m,FALSE
lattice constant b,15,Structural,"3.80 Å, 0.3819 nm, 3.5 Å, approx 4.2 Å, 12.4756, 12.4767, 12.4795, 12.4837, 12.4923, 12.5103, 12.5427, 12.6082, 12.8281, 12.4936 Å, 0.5478 nm, 3.141(4) Å, 3.150(8) Å, 26.0348 Å, 3.455 Å, 3.33 Å, ~ 3.87 Å, 11.311 ± 0.0005 Å, 25.5 Å, 3.93 Å, 3.3137(2) Å, 3.43910(5) Å, 5.6911(1) Å, 5.7066(1) Å, 3.78 Å, 3.44Å, 5.498(5) Å, 5.6553 Å, 6.1898(17) Å, 6.2535 Å, 4.5477(2) Å, 4.5428(8) Å, 4.5361(1) Å, 26.313 Å, 4.536(1) Å, 4.514(1) Å, 3.44 Å, 3.79 Å, 25.33 Å, 3.6602 Å, 3.480 Å, a0, 4.1347(9) Å, 4.1241(10) Å, 4.1518(15) Å, 3.9609(5) Å, 3.9571(4) Å, 5.5651(12) Å, 4.1413(6) Å, 4.1295(10) Å, 4.1539(13) Å, 4.1358(8) Å, 4.1242(4) Å, 4.1375(14) Å, 5.4333 Å, 11.05410(13) Å, 3.351 Å, 3.318 Å, 3.350 Å, 3.471 Å, 3.448 Å, 3.473 Å, 3.646 Å, 3.673 Å, 3.380 Å, 3.354 Å, 3.319 Å, 3.474 Å, 3.476 Å, 3.620 Å, 3.660 Å, 3.342 Å, 25.47 Å, 4.5565 Å","12.4756, 12.4767, 12.4795, 12.4837, 12.4923, 12.5103, 12.5427, 12.6082, 12.8281, 12.4936 Å, 3.141(4) Å, 3.150(8) Å, 5.6911(1) Å, 5.7066(1) Å, 3.79 Å","* 0.00 | 12.4756 ... [Header: a=b(±.0005) (Å)]
* 0.005 | 12.4767 ... [Header: a=b(±.0005) (Å)]
* 0.01 | 12.4795 ... [Header: a=b(±.0005) (Å)]
* 0.02 | 12.4837 ... [Header: a=b(±.0005) (Å)]
* 0.05 | 12.4923 ... [Header: a=b(±.0005) (Å)]
* 0.10 | 12.5103 ... [Header: a=b(±.0005) (Å)]
* 0.20 | 12.5427 ... [Header: a=b(±.0005) (Å)]
* 0.40 | 12.6082 ... [Header: a=b(±.0005) (Å)]
* 1.00 | 12.8281 ... [Header: a=b(±.0005) (Å)]
* thus the a and b-axis are degenerate a = b = 12.4936 Å
* b=3.141(4) Å
* b=3.150(8) Å
* b (Å) 5.6911(1)
* b (Å) ... 5.7066(1)
* We define our reciprocal lattice units (r.l.u.) in terms of the low-temperature tetragonal unit cell with a = b = 3.79 Å and c = 13.14 Å.",float,0.1% SI,,m,FALSE
CDW transition temperature (T_CDW),10,Environmental,"~ 60 K, ~ 200 K, not changed, 83 K, 155 K, suppressed by pressure, Tc = t*^2/4U, t*^2/U, much larger than the BCS-like exponential form of exp[-C/U], 145 K, 59 K, 200 K, suddenly disappear, ~ 6 K, ~ 40 K, reduction, well above 300 K, 218 K, 180 K, 140 K, > 300 K, just below room temperature, ~ 140 K, 78 K, 3.4374 - 3.4378 K, 50 K, below ~300 K, well above room temperature, 267 K, 150 K, 33 K, 345 K, 155(10) K, 140(10) K, 197 K, 231 K, 199 K, 232 K, 184 K, 213 K, 181 K, 201 K, 214 K, 202 K, 215 K, 183 K, 204 K, 212 K, 230 K, experimentally accessible temperature range, ω0 e^(-1/√(S1(0)S2(0))), decreases when magnetic correlation length ξ decreases, smaller than T*(x), Tcdw, ~ ω0 e^-1/√S1S2, around 150 K, ≈ 63 K, smaller than the superconducting Tc, < 70 K, T_CDW < T*, significantly lowered, 210 K, 175 K, ~180 K, ~220 K, ~140 K, ~135 K, 150, 175-200, 207 K, 186 K, T_CDW, decreases with increasing pressure, undetectable, ≈100 K, between 77 and 300 K, 473 K, 190 K, 130 K, 123 K, 110 K, temperature at which the integrated Raman intensity of the CDW hump vanishes, 336 K, ~ 41 K, > 250 K, ~59 K, ~73 K, between 25 K and 45 K, 144 K, 95 ± 5 K, 100 K, ~100 K, 103 K, 53 K, > 2000 K, 0.0008 K, 94 K, 146 ± 1 K, decreasing trend for increasing N, 220 K, 170 K","83 K, 155 K, 78 K, 3.4374 - 3.4378 K, ω0 e^(-1/√(S1(0)S2(0))), ~ ω0 e^-1/√S1S2, 220 K, 180 K, 170 K, 110 K","* Lu5Ir4Si10 shows a strongly coupled commensurate CDW state at TCDW = 83 K
* Er5Ir4Si10 has a transition on cooling to a 1D incommensurate CDW state at TICDW = 155 K
* The abrupt change in reflectivity that we observe is located at 78 K... This temperature has been defined as the maximum of dR(wi, T)/dT.
* very close to TCDW= 83 K measured using transport techniques.
* Tc(K) [Y-axis range shown in plot for the relevant field range]
* Tcdw = ω0e^−1/√S1(0)S2(0)
* i.e., at Tcdw ∼ ω0e^-1/√S1S2.
* The CDW transition temperatures TC extracted from the same fitting (220, 180, and 170 K for N = 1-3, respectively)
* the known bulk TC = 110 K [18] is included for completeness.",float,0.1% SI,,K,FALSE
unit-cell volume,9,Structural,"2πr_o^2, 650.0682, 650.2361, 650.5915, 651.1333, 652.381, 654.5845, 658.802, 667.7873, 697.98187, 5%, doubling, 134.82(12) Å^3, 140.99 Å^3, 242.15(9) Å^3, 251.99 Å^3, 108.565(8) Å^3, 106.746(3) Å^3, 105.178(3) Å^3, 100 - 105, 199.2 Å^3, 198.2 Å^3, 99.0 Å^3, 204.2 Å^3, 202.8 Å^3, 405.5 Å^3, 199.7 Å^3, 198.4 Å^3, 99.3 Å^3, 197.8 Å^3, 1168.7449 Å3","650.0682, 650.2361, 650.5915, 651.1333, 652.381, 654.5845, 658.802, 667.7873, 697.98187","* 0.00 | 12.4756 | 4.1767 | 650.0682 | 0.33482
* 0.005 | 12.4767 | 4.1770 | 650.2361 | 0.33479
* 0.01 | 12.4795 | 4.1775 | 650.5915 | 0.33475
* 0.02 | 12.4837 | 4.1781 | 651.1333 | 0.33469
* 0.05 | 12.4923 | 4.1804 | 652.381 | 0.33464
* 0.10 | 12.5103 | 4.1825 | 654.5845 | 0.33432
* 0.20 | 12.5427 | 4.1877 | 658.8020 | 0.33387
* 0.40 | 12.6082 | 4.2008 | 667.7873 | 0.33318
* 1.00 | 12.8281 | 4.2415 | 697.98187 | 0.33064",float,0.1% SI,,m^3,FALSE
q-vector components,8,Structural,"qx = 0; qy = 0, field-dependent, Q_up and Q_down, (π, π), (√2π, 0), first order ( ±q1 , ±q2 , ±q3 ) and second order ( q1 + q2 , q2 + q3 ), epsilon = 0.236, delta = 0.118, epsilon = 0.256, epsilon = 0.258, delta = 0.134, epsilon = 0.245, epsilon = 0.24, epsilon = 0.230, 0.230(2), epsilon ~ 0.230, (q, q, q, q, . . .), (π/a, q, π/a, q, . . .), 0.297, 0.292, almost constant, (π, π, 0) and (π, π, π), (3.184, -0.072, 0), (3.375, 0, 0), Qx = (2Q, 0) and Qy = (0, 2Q), (2Q, 0) and (0, 2Q), (2Q, 0), (0, 2Q), (±2Q, ±2Q), (2Q, ±2Q), very close to each other, Q = Qy = (0, Q) and Q' = -Qx = (-Q, 0), (±Q, 0) and (0, ±Q), (Q, 0) or (0, Q), (±Q, 0)/(0, ±Q), (Q, Q), (1/2, 0, 0), (0, -1/2, 0), (-1/2, 1/2, 0), (1/2, 0, 1/2), (0, -1/2, 1/2), (-1/2, 1/2, 1/2), Qx = (Q, 0) or Qy = (0, Q), Qx = (Q, 0) and Qy = (0, Q), (Q, 0) and (0, Q), Qy = (0, Q) and/or Qx = (Q, 0), 3/13a* + 1/13b*, three equivalent QCDW wavevectors connected by a 2pi/3 rotation, kz ≈ 2/3, 3/13 a* + 1/13 b*, 4/13 a* - 1/13 b*, 0.05 reciprocal lattice units, h = 0.68, h = 0, (±π/3a, π/√3a), (±2π/3a, 0), -0.252 +/- 0.002, -0.243 +/- 0.003, -0.234 +/- 0.0004, -0.250 +/- 0.002, -0.239 +/- 0.003, (Q, 0), or (0, Q), (±Q, ±Q), (0, 0.241, 0), (0.5, 0.260, 0.5), Q_a^|| = (0.305, 0), Q_b^|| = (0, 0.315), h ± 0.28 k l, h ± 1/3 k l ∓ 1/3, (h ± 0.28, k, l), (h, k ± 0.28, l), (h ± 1/3, k, l ∓ 1/3), ~ (-0.233, 0, l), ~ (-0.23, 0, l) reciprocal lattice units (r.l.u.), (1, 1.72, 5)tet, (-1, -0.66, 3)tri, (-1, -0.5, 3)tri, gradually decrease below -0.1 eV, shifted away from (π, π), M points, half M point, three-quarter M point, (h, k) = (0.5, 0.5), \pm Q_1, (1/4, 0, 2/3)","Qx = (2Q, 0) and Qy = (0, 2Q), (2Q, 0) and (0, 2Q), (2Q, 0), (0, 2Q), (±2Q, ±2Q), (2Q, ±2Q), 3/13a* + 1/13b*, (1/4, 0, 2/3)","* We argued that magnetically-mediated interaction gives rise to charge order with momenta Qx = (2Q, 0) and Qy = (0, 2Q), as seen in the experiments.
* Charge-density-wave order with momentum (2Q, 0) and (0, 2Q) within the spin-fermion model: continuous and discrete symmetry breaking, preemptive composite order, and relation to pseudogap in hole-doped cuprates
* CDW order with momentum either Qx = (2Q, 0) or Qy = (0, 2Q)
* Bond order with diagonal momenta (±2Q, ±2Q)
* we also consider charge order with momenta Q¯ = (2Q, ±2Q)
* In Sec. III we analyze the onset of CDW order with momentum Qx = (2Q, 0) and Qy = (0, 2Q)
* III. THE ONSET OF CDW ORDER WITH MOMENTUM (2Q, 0) AND (0, 2Q) AT ξ = ∞
* momentum of one of hot spot on a FS and 2khs = (±2Q, ±2Q) are directed along one of Brillouin zone diagonals.
* CDW momentum detected by resonant X-ray scattering[12,13] and in STM[4,5] is along horizontal or vertical axis in momentum space (Q = Qx = (2Q, 0) or Q = Qy = (0, 2Q).
* reported CCDW vector (qCCDW = 3/13a* + 1/13b*)
* A vertical line trace along (1/4, 0, kz) confirms that the instability is centered at kz = 2/3",vector,0.1% SI,,m^-1,FALSE
Wyckoff position,6,Structural,"1a, 1b, 8i, 12j, 12k, 4e, 2b, 2a, 2e, 2c, 4g, 4b, 4a, 4d, 4j, 4i, 2i, 8f, 4f","2c, 2a, 2b, 4g, 4b, 4a","* La 2c ¼ ¼ 0.1411(1)
* (Fe,Mn) 2a ¾ ¼ ½
* As 2c ¼ ¼ 0.6518(1)
* O 2b ¾ ¼ 0
* La 2c ¼ ¼ 0.1409(1)
* As 2c ¼ ¼ 0.6521(1)
* La 4g
* (Fe,Mn) 4b
* As 4g
* O 4a
* La 4g ... 0 ¼ 0.1415(1)
* (Fe,Mn) 4b ... ¼ 0 ½
* As 4g ... 0 ¼ 0.6514(1)
* O 4a ... ¼ 0 0",string,exact_match,,,FALSE
effective mass,6,Electronic,"2 me, 20 < m* < 50, twice the free electron mass, 0.24me, 0.90me, 400, 700, 800, 700 to 800, Fig. 9, frequency dependent, spontaneous generation, 1 + λ_s, 4.1 m_e, 65.416 u, 0.62(4) me, 0.9(2) me, comparable to the free-electron mass, 0.06 m_e, 0.08 m_e, 0.09 m_e, 0.11 m_e, nearly 1/10 of the free electron mass, enhancement, 0.65 me, 0.35 me","400, 700, 800, Fig. 9, 0.65 me, 0.35 me","* one obtains m∗/mb ≃ 400 (700) for x = 5/8 (3/4) at 10 K
* compared with m∗/mb ≃ 800 reported for the one-dimensional CDW of K0.3MoO3
* La3/8Ca5/8MnO3 ... 400
* La1/4Ca3/4MnO3 ... 700
* In Fig. 9 the effective-mass m*(w)/m = 1 + lambda(w) is shown for different temperatures above and below the transition.
* (mb, mt) = (0.65, 0.35)me (me is the rest electron mass)",float,0.1% SI,,kg,FALSE
symmetry change at CDW transition,4,Structural,"breaks the 90 degree rotation symmetry, breaking the translational symmetries, broken translational symmetry, preserves P and T, breaks time-reversal invariance, break P and T, preserve time-reversal and parity invariance (T and P), C4 symmetry down to C2, C4 -> C2, C4-symmetric checkerboard state, preserves C4 lattice rotational symmetry but breaks time-reversal symmetry, breaks C4 lattice symmetry down to C2, does not has additional Z2 component, which one would associate with time-reversal symmetry, breaking of C4 lattice rotational symmetry down to C2, Ising symmetry breaking associated with the relative phase between even and odd in k components of ∆Qk with a given Q, spontaneously breaks C4 lattice rotational symmetry, U(1) × Z2 × Z2, U(1) × Z2, does not break time-reversal or mirror symmetries, breaks two U(1) phase symmetries, breaks Z2 lattice rotational symmetry, breaks Z2 time-reversal symmetry, breaks Z2 lattice rotational symmetry (C4 -> C2), breaks U(1) symmetry, SO(4) x SO(4) x Z2_rot to U(1) x Z2_trs x Z2_rot, breaks C4 lattice rotational symmetry, breaks time-reversal symmetry, breaks mirror symmetries, broken discrete C4 and time-reversal/mirror symmetries, breaks both C4 and time-reversal symmetry, broken time-reversal symmetry, breaks U(1) translational symmetry, C4 to C2, broken inversion symmetry, breaking translational symmetry, spontaneously breaks C4 rotational symmetry, 6-fold symmetry, Z2-symmetry breaking, effective mx symmetry, none observed, rotation symmetry breaking, break the 1-site translation symmetries, spontaneous mirror symmetry breaking, C6 to C2, time-reversal symmetry breaking, C6 to C3 rotational breaking of hexagons, broken mirror symmetry, breaking the mirror symmetry, preserving the inversion symmetry, breaks the mirror symmetry, three-fold symmetry in the normal phase spontaneously broken, (√7 × √3) to (4 × 4)","C4 symmetry down to C2, U(1) × Z2 × Z2, U(1) × Z2, (√7 × √3) to (4 × 4)","* spontaneously breaks C4 symmetry down to C2 and gives rise to stripe order
* The full order parameter manifold for state I is U(1) × Z2 × Z2
* For both realizations, the order parameter manifold is U(1) × Z2
* Experimentally, the transition from the (√7 × √3) to (4 × 4) symmetry happens between N = 1 and 2",string,exact_match,,,FALSE
electronic band gap,4,Electronic,"not gapped, temperature-dependent, 2∆(0) = 70 ± 10 meV, 65 meV, large, ~ exp(-π^2 / sqrt(8(V1 - V1,c))), ~ (V2 - V2,c)^(3/4), 2Psi, 3.2 meV, 4.5 meV, 3.21 ± 0.03 meV, opens at EF, quite small, clear gap for all k, ~33 meV, ~ 150 meV, does not create the expected gap, produce a gap, U, 0.25, 0, finite, always gapped, gapless, ~ 0.2 eV, ~ 800 cm^-1 or 0.1 eV, magnitude U, two energy gaps, two relatively small energy gaps, one gap, 2Δ_p, 2Δ_SWS, two gaps, values of the gaps ... depend on a value of a magnetic field, opens at Fermi surfaces, no gap, 2∆˜_kF, partial, 0.82 eV, 600 meV, opening up of a gap, equal to the onsite potential U, 0.5, insulating gap, 0.01, proportional to the interaction constant U, persists for any T (then Δ > 0), exists, closing, has a gap at the Fermi level, disappears only at T_O-DO, |(sqrt(1 + 4U^2) - U^2 - 1) / U|, sqrt(10 + U^2 - 2 * (1 + sqrt((1+2U^2)^3)) / U^2), 0.33675, finite gap, persists, disappears, vanishes, major energy gap structure at higher energy, less than 50 meV, 1 meV, partial energy gaps, 0.014 eV, 0.2 eV, small indirect gap, large negative gap, increases, opens, open a gap, 0.8 eV, ~ 0.7 eV, Mott gap, 0.1 ~ 0.2 eV, approximately 0.15 eV, very small indirect (possibly negative) gap, 0.21 eV, 0.35 eV, 0.15 eV, 3.55 eV, indirect Gamma A -> C Y, 4 eV, ≈ 3.5 eV, 0.12 eV, band-gap opening, open, ~ 0.06 eV, ~ 0.11 eV, ~ 0.18 eV, ~ 0.26 eV, gap at the Fermi level, opened, closed, gap in the Dirac spectrum, gaps at the Fermi level (EF), small or comparable to thermal energies down to 50 K, ~ 0.1 eV, 1-2 eV, 0.10 eV, fully gapped, function of Δ^N cos(Nφ), gapped, small indirect bandgap, small indirect band gap, small band gap, 1.07 eV, direct band gap Edir g (Γ), > 1.0 eV, 100 meV, ~ 15-25 meV, ~ 120 meV, 0.609 eV, 0.473 eV, 0.220 eV, 0.153 eV, 0.263 eV, 0.154 eV, 0.127 eV, 0.171 eV, 0.138 eV, 0.088 eV, 0.051 eV, 0.213 eV, without any gap opening, approx. 0.22 eV, approx. 0.16 eV, approx. 0.13 eV, approx. 0.17 eV, approx. 0.14 eV, approx. 0.24 eV, approx. 0.29 eV, approx. 0.19 eV, approx. 0.08 eV, approx. 0.11 eV, existence of the band gap, energy gap at EF, ~1450 cm^-1, 0-10 meV, 0-30 meV, 19 meV, 39 meV, 60 meV, 67 meV, 283 meV, 299 meV, 305 meV, 313 meV, 306 meV, direct, 2|∆c|, not separated from the excited states by a gap, Δ_0, Δ_0 ∝ ε_F exp(-1/λ), Δ0, correlation-induced gap, generated","2Δ_p, 2Δ_SWS, 0-10 meV, 0-30 meV","* Electron spectrum of the Peierls phase (left) has one energy gap, Δ_p
* whereas the SWS phase (right) is characterized by two smaller energy gaps, Δ_SWS.
* Charge gap at ν = 2 from the HF calculation as a function of Vzt and .
* Charge gap at ν = 1 as a function of Vzt with =15",float,0.1% SI,,J,FALSE
modulation phase shift,3,Structural,"shifted by one lattice site, ~ pi/2, 0, a/2, (a1 + a2)/2, (a1 + a2)/3, ±π/2, π/2 or -π/2, +/- pi/2, anti-phase, 2π, ρB = ±iρA, π, pi, (∓ 2π/3, 0, ± 2π/3), (± 2π/3, ∓ 2π/3, 0), (0, ± 2π/3, ∓ 2π/3), 0, π, 2πn/N, modulation of distortion types along the c-axis, 0 (2π), 0.96 (2π), 0.29 (2π), 0.1 (2π)","0, a/2, ±π/2","* We find δ12 = 0 in the stripe [Fig. S1(a)]... lattice phases.
* We find δ12 = 0 in the... and the square [Fig. S1(c)] lattice phases.
* In the hexagonal phase [Fig. S1(b)], δ12 = 0 almost everywhere, except for a small region where it is positive but small
* If ν1 and ν2 are both negative, |δ12| = a/2 for the stripe
* the phase difference between them is locked at ±π/2.
* Analyzing the effective action (89) in the mean-field approximation we observe that a relative phase between ∆y1 = |∆y1|e^iψ1 and ∆y2 = |∆y2|e^iψ2 is locked at ±π/2
* relative phase between these two U(1) fields is locked at ±π/2.
* phase difference between them is locked at ±π/2.",float,0.1% SI,,rad,FALSE
point group,3,Structural,"C4v, C4, C2, C3, C2h, D3d, C3v, D3h, D3, C3i","C4, C2, C3v","* preserves the underlying lattice C4 symmetry and gives rise to checkerboard charge order
* spontaneously breaks C4 symmetry down to C2
* In the 4 × 4 area, the upper Te layer is imaged with a C3v symmetry at the surface.
* The moiré superlattices have the C3v point group symmetry",string,,,,FALSE
superlattice periodicity length,2,Structural,"2a × 3.3b, doubles the unit cell, distance between these walls ... depend on a value of a magnetic field, (√13 × √13)R13.9, √13 × √13, (3x1), 3 x 1, 2×2×2, 2x2x2, 4a × √3a, √13 a × √13 a, 2x2, 3x, tripled periodicity, 2a0, (h ± 1/3 k l ∓ 1/3)tet, 2x1, sqrt(3)aM","3 x 1, sqrt(3)aM","* which is corresponding to the reported (3 × 1) single-q CDW-type superlattice
* The SDW in the 120° Néel state spontaneously breaks the moiré translational symmetry, and has an expanded unit cell with a period sqrt(3)aM.
* The enlarged unit cell has a period sqrt(3)aM",float,0.1% SI,,m,FALSE
lock-in transition temperature,2,Environmental,"90 K, around 200K, 200 K, 38 K, 55 K, Tt, ≈ 3 K, < 3 K, approx 3 K, around 1.5 K, between 30 K and 50 K, between 50 K and 30 K, 125 K","55 K, 125 K","* and a lock-in transition at TCCDW = 55 K [2].
* It should be stressed that at this doping three transition temperatures TLTT=125 K",float,0.1% SI,,K,FALSE
temperature range of incommensurate phase,2,Environmental,"Below ~ 120 K, between 92 and 112 K, < T* ≃ 0.6Tc(0), between 55 and 155 K, 66 K to 93 K, T <= 30 K, detectable for T <= 75 K, detected at 105 K, but not at 110 K, vanishes above ~ 100 K, vanishes above 55 K, disappearing above T ~ 50 K, room temperature, below ~75 K, from x = 0 to 0.47","66 K to 93 K, T <= 30 K","* incommensurate structure of TiOCl observed at ambient pressure for temperatures between T = 66 K to 93 K
* only a 1st order satellite peak can be detected for T <= 30 K",float,0.1% SI,,K,FALSE
carrier concentration,2,Electronic,"1.6 x 10^26 m^-3, no holes, 1.1 × 10^18 cm^-3, 0.4, 1/2, increases, Nf /N = 1/2, 0.07, 1/8 doped, ~ 1.1 holes, one hole per unit cell, 1 + p holes per unit cell, p carriers, 0.141 /CuO2, 0.134 /CuO2, 0.129 /CuO2, 0.125 /CuO2, 0.115 /CuO2, 0.109 /CuO2, 0.099 /CuO2, 3.8 x 10^11 cm^-2, 5.1 x 10^10 cm^-2, p = 0.07, 0.08 ~ p1, 0.09, 1 electron per 36 f.u., 0.1 to 0.14, 0.98 ± 0.08 electrons / unit cell, ≈ 1/8, large drop, comparable in magnitude, small, electron and hole concentrations, n(T) = n(T=0) + A exp(-2Δ/kBT), linear temperature dependence, 0.12, 0.11, half filling, 0.2, 0.5, 0.9, 3.62 × 10^21 cm^-3, 1.42 × 10^21 cm^-3, nF = Ne/N = 5/6, n_F = 5/6, n^1/2","3.8 x 10^11 cm^-2, 5.1 x 10^10 cm^-2","* Given the electron density ns = 3.8 × 10^11 cm^-2
* at ν = 4.68 the density of charge in the 68% filled lower spin branch TLL is nL = 5.1×10^10 cm^-2",float,0.1% SI,,m^-2,FALSE
phonon linewidth,2,Electronic,"400% increase, ~ 3 cm^-1, ~ 17 cm^-1, 1.5 meV, < 0.1 meV, 1.17 meV, 0.89 meV, 1.52 meV, 1.04 meV, 1.36 meV, 1.14 meV, < 1.3 meV, 790 cm^-1, 1600 cm^-1, underestimates Gamma by a factor of about 20, comparable, factor of only two, enhanced, presented in Figure 4b, ~23.11 GHz, ~22.18 GHz, dramatic linewidth reductions, dramatic linewidth reduction, dependent on the direction of the incident light, decreases with decreasing temperature, different between the two configurations, sensitively depends on q very close to the BZ center, 50% larger, larger averaged linewidth, much larger linewidths than the rest, decrease, not exhibit a very large linewidth, does not show any pronounced anomaly, dramatic decrease, depend on the direction of momentum transfer, 2 - 6 cm-1, 4 - 15 cm-1, 5 - 20 cm-1, 1.6 cm^-1, 2.5 cm^-1, 1.8 cm^-1, 15 cm^-1, 30 cm^-1, 3.3 cm^-1, 1.3 cm^-1, 2.4 cm^-1, 16 cm^-1, 20.5 cm^-1, 3.5 cm^-1, 1.5 cm^-1, 0.9 cm^-1, 0.8 cm^-1, 9.8 cm^-1, 0.4 cm^-1, 14.9 cm^-1, 0.3 cm^-1, 3.8 cm^-1, 1.0 cm^-1, 0.7 cm^-1, 9.3 cm^-1, 10.8 cm^-1, 0.2 cm^-1, 4.5 cm^-1, ~ 23.11 GHz, ~ 22.18 GHz, broadened and expands to ΓK, much broader than Higgs mode, enlarged, sharp reduction, almost 4 meV, large, strongly increased, ~ 2 meV, ~0.8 meV, ~ 0.08 r.l.u., 0.47 r.l.u.","~ 23.11 GHz, ~ 22.18 GHz","* For 1T-TaSe2, the biggest γ (~ 23.11 GHz) is found near the place where χ'' shows the maximum
* The second largest γ (~ 22.18 GHz) is found in the place very near the reported qCCDW = 3/13 a* + 1/13 b*.",float,0.1% SI,,Hz,FALSE
conductivity,2,Electronic,"ideal superconductors, 0, square root dip, σT = σ0 exp[-Eg(B)/2kBT], Drude-like behavior, composed of a Drude response together with a weak mid-infrared peak in the CDW state, metallic, vanishingly small, conductor, insulator, sigma1(omega), anisotropic, minima is at zero bias voltage, maximum in the conductivity is observed at zero bias voltage followed by a local minimum at finite bias, decreases with increasing bias voltage, 0.5 e^2/h, ~ 1.7 e^2/h, zero-field electron and hole band conductivity, non-vanishing, 100 Ω^-1 cm^-1, exponentially small","0.5 e^2/h, ~ 1.7 e^2/h","* the conductivity sigma_xx maxima are very close to 0.5 e^2/h
* reaching ~ 1.7 e^2/h at nu = 9/2",float,0.1% SI,,S/m,FALSE
resistivity anisotropy,2,Electronic,"approximately ten times larger than rho_ab, < 10, 3.5, 2.33, large inverted, ρb ~ ρa ~ ρc/10, > 10, increase of one order of magnitude, strong","3.5, 2.33","* the anisotropy of the material (ρa/ρc ≃ 3.5)
* the resistivity ratio along the two main principal axis ρa/ρc ∼ 2.33.
* the resistivity ratio along the two main principal axis rho_a/rho_c ~ 2.33.",float,0.1% SI,,,FALSE
modulation vector direction,1,Structural,"vertical directions, 0, pi/2, pi, 3pi/2, along the main chain axis, along the Cu-O-Cu bond direction, along the x-direction, along the a axis, along the [H00] direction, a-axis, perpendicular to the first one, tilted by 13.9° from a*, no modulation vector along the c-axis, parallel to the b-axis, along the tetragonal a axis, Mn-O-Mn bonding directions, along the a or b crystal axes, along a tetragonal a axis, along x or y directions, along either x or y axis, along x and y directions, along one of Brillouin zone diagonals, along horizontal or vertical axis in momentum space, both a and b modulations, along c*, a or b direction, (1, 0) or (0, 1), (1,0) or (0,1), directed along the copper-oxygen bonds, [100], 13.9° from a*, 13.9°, [001], six directions of hexagonal lattice vectors, z-axis, along the x direction, [1-10], along a-axis, elongated along the k-direction, Gamma-M direction, along the c axis, along the Q2 direction, both the x and y directions, along the b-axis direction, along the chain axes, along the b-axis, any direction within the ac planes, aligned in the ac plane, along the chain direction, (1, 0) and (0, 1), vertically oriented CDW",[100],* some regions of the sample exhibit incipient formation of a static structural modulation along the crystal direction [100].,vector,0.1% SI,,,FALSE
modulation amplitude,1,Structural,"0.21 nm, weak, 0.05 Å, 1, 0, largest, increases as the temperature decreases, vary significantly from column to column of the same type, hardly observable, generally higher than those of the q1 mode, weaker than those in SnSe2/sqrt(3)-Sn/Si, about 2.46 µB, no more than 0.29 µB, ~2.46 µB, ~2.45 to 2.55 µB, less than 0.5 µB, 2.46 µB, 0.29 µB",#N/A,,,,,,FALSE
harmonic content,1,Structural,"no higher harmonics observed, below our detection limit, < 1 % of the first harmonic, lack of any higher harmonic peaks, odd orders, charge harmonics, \pm 3Q_1",#N/A,,,,,,FALSE
primary modulation,1,Structural,"sinusoidal, real orders",#N/A,,,,,,FALSE
secondary modulation,1,Structural,secondary s-wave CDW order,#N/A,,,,,,FALSE
CDW displacement pattern,1,Structural,"one of the Sn atoms in the (3 × 3) unit cell is slightly displaced upwards with respect to the other two, parabolic displacement profile, breathing mode distortion, out-of-phase fluctuations of the CDW amplitude away from the ground state symmetry, (•◦•◦) and (◦•◦•), (••◦◦), (◦••◦), (◦◦••), and (•◦◦•), (•◦◦•◦◦), (◦•◦◦•◦), and (◦◦•◦◦•), (•◦◦◦), Ru atoms are displaced parallel to the Pr-Ru bond direction, P(1) and P(2) atoms ... are displaced in a direction roughly perpendicular to the Pr-P bond, placing b and l electrons on alternating nodes, intermingled charge density wave phase, where both a and b species of atoms show density oscillations, but are shifted by one lattice site, along the b axis, periodically arranged soliton and anti-soliton walls, periodic superstructure of soliton and anti-soliton walls, striped solid phase, checkerboard solid phase, checkerboard order, broad diffuse peak, triangular charge density wave, less than 0.2%, S1 in-plane displacement, in-plane displacements of S atoms, along x or y direction, in-plane S displacements, S1 in-plane motion, twelve ions cluster around one central ion, c-axis displacements of the bilayer oxygens, ⟨j_t^(B)⟩ ~ q cos(kc x1), ⟨O_φ⟩ ~ φ2 cos(kc x1), involves the scalar field and only the time component of the gauge-field, Bt, checkerboard pattern, checkerboard phase, incommensurate cite or bond charge density modulation, incommensurate bond current, incommensurate site and bond density variation δρ(r) ∝ cos 2Qy, incommensurate modulation of local charge and bond density in y direction, checkerboard type incommensurate charge density modulation and incommensurate current in both x and y directions, incommensurate charge density modulations in the x direction and incommensurate current in y direction, checkerboard charge density order together with oscillating currents along both x and y directions, stripe charge density order together with an oscillating current along orthogonal direction, stripe form, incommensurate density modulations, longitudinal intra-level CDWs (even-parity, even-spin), longitudinal inter-level CDWs (odd-parity, even-spin), valley-density-wave order, deformation of the Te(2)-Te(3) chains along the a axis, longitudinal movement of Te atoms in the Te(2)-Te(3) chains, longitudinal deformation of the Te(2)-Te(3) chains, triple-q, triple-q distortion, 3qL mode with ν > 0, 3qL distortion, 3qL, transversal to the direction of propagation q, planar, CDW-x, stripes, d-wave form factor, David Star clusters, single-q, David star clusters, inverse-star cluster, mainly planar, within the CuO2 layers, deltaTi / deltaSe = 3, DS structure, antiparallel lattice displacements stack alternately along the Z-direction, transverse phonon modes at the M1, M2, and M3 points are frozen simultaneously, 1Up-2Down atoms configuration, Pb up and down atoms, longitudinal periodic lattice distortion, in-plane longitudinal displacements of Ta atoms, large Te movements along the respective transverse directions, triangular Nb-Nb clusters, hexagonal Nb-Nb clusters, (1, 1, 1, 1) / 2, xi = x0 + (-1)^i x1, star-of-David metal atom clusters, p-d staggered 4 x 4 modulations, chequerboard pattern, checker-board pattern, interchanging of q1 and q2, unidirectional CDWs form domains with charge modulation directions along either a- or b-axes, zig-zag chains, Ni-Ni dimers, staggered chains along [100]tet, short-ranged CDW order, inverse Star of David, inverse Star of David deformation, Inverse Star of David (ISD) deformation, Star of David (SD), Inverse Star of David (ISD), Star of David, periodic modulations of charge site and/or bond densities, staggered currents, star-of-David pattern, staggered/loop currents, Star of David (SoD), Tri-Hexagonal (TrH), four unit cell phasing along the c-axis, modulation of distortion types along the c-axis, kagome breathing mode, modulated SoD and TrH distortions, TrH- and SoD-like distortions, slight buckling in the c-direction, 13 Ta atoms forming a ""Star of David"" cluster, Alternating CDW orientations between neighboring wires, non-vanishing order wave-vector along the c-axis, 3x1x3 PLD, 4x4, 2x2, Star-of-David clusters, 4x1, sqrt(7)xsqrt(3), 4xsqrt(3), 4x4x~3, honeycomb lattice, tri-hexagonal (TrH) distortion, star of David (SoD) distortion, tri-hexagonal (TrH) like distortion, star of David (SoD) like distortion, dimerized parallel to the chain, chiral anisotropy, star-of-David, tri-hexagonal, tri-hexagonal distortion, star-of-David and/or tri-hexagonal patterns, short bonds along disconnected hexagons, tri-hexagonal lattice distortion, star-of-David or tri-hexagonal patterns, anti-trimerization of V atoms, reconstruction of V atoms into a zigzag stripe, star-of-David clusters, David-Star clusters, commensurate lock-in of star-of-David clusters, triple layer modulation, 1D stripe order",#N/A,,,,,,FALSE
superlattice peak intensity,1,Structural,"markedly diminishes, slight decrease, proportional to (Q . u_r)^2, suppressed for g2-type, non-monotonic, tend to zero, vanish, three orders of magnitude less intense than the fundamental Bragg peak, not observed, broadened width well above Tc1, dip, diffuse superlattice spots, about 10^4 times weaker than the main Bragg reflection, 0.012 a*, 83 unit cells, 0.5 c*, 2 unit cells, 0.036 a*, 28 a, resolution-limited elastic line develops, no superlattice peak develops, strong, does not show any response, continuously rising strong superlattice peak, scales with the orthorhombic distortion, scales with orthorhombic distortion, scales with 'dimerized' character of Ni-Ni bonds, drastically drops, continuously increases, as intense as the nearby Bragg reflection",about 10^4 times weaker than the main Bragg reflection,* The intensities of these satellite reflections are about 10^4 times weaker than the main Bragg reflection,float,0.1% SI,,,FALSE
atomic sites that modulate,1,Structural,"MoII and MoIII, Cu (in-plane) and La (out-of-plane), La (in-plane), Te (ac) planes, S1, sublattices + and -, Te(2)-Te(3) chains, Te(2)-Te(3), Te(2), Te(3), Nb atoms, Se atoms, Nb atoms of type III chains, chains of type I, chain II, chain III, A, B, C, D, and X, stripes (“α”, “β”, “γ”, and “δ”) and atom sites (“A” and “X”), Te, type-I and type-III columns, type-II columns, type-III (q1) and type-I columns (q2), type-III and type-I columns, type-I columns, Type-II columns appear not to be modulated, CuO2 planes, V1, V2, V1, V2, Sb1, Sb2, V kagome lattices, MM sites, MM and XX sites, twelve independent Mn sites",#N/A,,,,,,FALSE
multiple CDW transitions,1,Environmental,"transitions between subphases, multiple phase transitions, series of first order transitions, two consecutive charge-density-wave (CDW) phase transitions, cascade-like onset of the two CDW transitions, two CDW phase transitions, T_CDW2 marked, new peak developed near 200 K is an indication of new energy gap structure, which could be ascribed to the formation of a new CDW order, coexistence of multiple CDW transitions, observed, mixture of multiple CDW phase, coexistence of multiple CDW orders, second transition",#N/A,,,,,,FALSE
order of CDW transition,1,Structural,"first order, second order, strongly first-order, 2nd order, 1st order, first-order, second-order, first order like, second-order like, typical order-disorder phase transition, weak first-order, continuous, continuous second-order, continuous second-order transition, first-order transition, weakly first-order, continuous and first-order, continuous quantum phase transition, three-dimensional long-range order, 2nd-order, 1st-order, weak 1st-order",#N/A,,string,,,,FALSE
hysteresis width,1,Environmental,"1.6 T, hysteretic, 0.41 < h/Delta_00 < 0.56, 180 K to 220 K, 2fc, ~10 GPa, between 96 K and 107 K, 40-50 K, 100 mK, large hysteresis, 70 K, ~ 100 K, grows with decreasing thickness, reduced",#N/A,,,,,,FALSE
commensurate CDW,1,Structural,"3 x 3, simple commensurate CDW phase, remains commensurate with the lattice, delta jumps to zero, observed, doubles the unit cell, quadruples the unit cell, triples the unit cell, commensurate, 3x3, commensurate (chessboard) CDW order, commensurate (C) CDWs exist, 3c0, 4c0, 4c0 LIT, 3c0 LIT, CCDW, Mott insulating CCDW domains, exhibits CCDW, commensurate phase, strictly commensurate, TRUE, not present, not distinguishable, present, 2x2, q1 + q2, C-CDW, CCDW order, 2 x 2, commensuration of momenta Qα, period-two charge-density-wave phase, period-two ordered phase",#N/A,,string,,,,FALSE
incommensurate CDW,1,Structural,"incommensurate, becomes incommensurate, CDWx, present, yes, exhibiting two incommensurate charge-density-wave (CDW) transitions, incommensurate (IC) high temper ature CDW phase, observed, exhibiting large regions of clean incommensurate CDW, small incommensurate momentum, ICCDW, metallic incommensurate (IC) network, incommensurate modulated structure, ground state, two IC modes, incommensurate charge density waves, accompanies this transition, I-CDW, TRUE, emergence of ICDW, ICDW phase coexists with superconducting phase, incommensurate order, incommensurate charge-density-wave order, disappeared",#N/A,,string,,,,FALSE
nearly commensurate CDW,1,Structural,"present, NCCDW, ground state, not found",#N/A,,string,,,,FALSE
unidirectional CDW,1,Structural,"1D nature of stripes, uni-directional charge density wave modulation, unidirectional phase, unidirectional ... state, present, unidirectional character, unidirectional, Uni-directional CDW, stripe phase, unidirectional incommensurate CDW, smectic stripe phases, uniaxial, unidirectional nature, observed, UCDW",#N/A,,string,,,,FALSE
bidirectional CDW,1,Structural,"bidirectional CDW state, bidirectional state, bi-directional, Bi-directional CDW, checkerboard phase, bidirectional, IC-CDW",#N/A,,string,,,,FALSE
triple-q CDW,1,Structural,"TRUE, energetically favored",#N/A,,string,,,,FALSE
multi-q CDW,1,Structural,"striped-incommensurate triple-q ordering, multi-q superstructure with coexisting commensurate and incommensurate order parameters, Multi-Q",#N/A,,string,,,,FALSE
stripe-like CDW,1,Structural,"reported, bond-centered (hole) stripes, uni-directional stripe-like charge density wave modulation, striped state, stripes along the z direction, striped solid phase, charge stripe, stripe-like modulations, Stripe-like modulations, stripe order, stripe CDW order, unidirectional charge stripe order",#N/A,,string,,,,FALSE
checkerboard CDW,1,Structural,"checkerboard pattern, chessboard phase, chessboard, checkerboard order, checkerboard-type, checkerboard-type structure, checkerboard charge order, checkerboard CDW order, two-sublattice chessboard charge-density-wave phase, chessboard-type charge-ordering, chessboard charge-density-wave phase",#N/A,,string,,,,FALSE
spin density wave,1,Electronic,"unidirectional, SDW phase, favored by Hubbard interaction, suppressed as m increases, absent, present, realized, spin density wave system, transverse intra-level spin-density waves (even-parity, odd-spin), transverse inter-level spin-density waves (odd-parity, odd-spin), SDW, not observed, incommensurate, nematic spin density wave phases, observed, ground state, concomitant with CDWs, 1Q sinusoidal wave, multiple-Q SDWs, emerges, 120 degree antiferromagnetic Néel state, doubly degenerate, Out-of-phase incommensurate SDW, Incommensurate spin density wave (ISDW), transverse incommensurate, antiferromagnetic spin density wave",120 degree antiferromagnetic Néel state,* SDW in the 120◦ N´eel state ... represents an intervalley coherent state.,string,exact_match,,,FALSE
high-T space group,1,Structural,"Im-3, tetragonal, I4/mmm",#N/A,,string,space_group,,,FALSE
low-T space group,1,Structural,"Pm-3, orthorhombic, Fmmm, P-1",#N/A,,string,space_group,,,FALSE
crystallographic class,1,Structural,"orthorhombic, monoclinic, 2mm, 2/m, tetragonal, hexagonal, triclinic, hexagonal flakes",#N/A,,string,exact_match,,,FALSE
magnetic space group,1,Structural,#N/A,#N/A,,,,,,FALSE
propagation vector symmetry direction,1,Structural,L points,#N/A,,,,,,FALSE
crystal structure type / prototype,1,Structural,#N/A,#N/A,,,,,,FALSE
"lattice angles (alpha, beta, gamma)",1,Structural,#N/A,#N/A,,,,,,FALSE
interlayer spacing,1,Structural,"20 Å, 4 nm, 3.354 Å, smaller than experimental one, 3.2 Å, 1.17 nm, 1.552 Å",4 nm,"* CDW phases in a graphene structure with 4 nm spacer (equivalent to 12 hBN layers) around ν1,2 ≈ 6 at B = 10T.",float,0.1% SI,,m,FALSE
bond lengths,1,Chemical,"3.100(3) Å, 3.490(3) Å, 3.470(3) Å, 3.34 Å, 3.43 Å, expanding, shortening, 3.45 Å, remain the same, 2.801 Å, 2.400 Å, 2.780 Å, 2.805 Å, 2.389 Å, 2.924 Å, 2.359 Å, 2.917 Å, 2.340 Å, 2.371 Å, 2.313 Å, 2.332 Å, 2.356 Å, 2.384 Å, 2.34, 2.36, 2.37, 2.761(16), 2.806(15), 3.079(14), 3.117(16), 2.800(7), 2.916(7), 2.942(7), 3.038(7), 2.794(13), 2.867(11), 3.018(11), 3.071(13), 0.045(22), 0.116(11), 0.073(17), 2.65 Å, 2.75 Å, 2.84 Å, 2.58 Å, 2.68 Å, 2.82 Å, 2.72 Å, 2.74 Å, 2.77 Å, 2.79 Å, 2.62 Å, 2.72 Å, 2.86 Å, two kinds of chemical bond lengths surrounding the Te atom, single bond length, ~ 2.28 Å",#N/A,,,,,,FALSE
bond angles,1,Chemical,"152 degrees, deviates from 180 degrees, remain the same",#N/A,,,,,,FALSE
atomic site label,1,Structural,"Zr, Te(1), Te(2), Te(3), T4, 5, A, B, C, D, Sb(1), Sb(2), Sb1, Sb2, Mn1, Mn2, Mn3, Mn4, Mn5, Mn6",5,* The star-of-David and the Te-site “5” in (d) are pasted in (e-p),string,exact_match,,,FALSE
displacement amplitude per atom,1,Structural,"less than 0.2%, 0.042 ± 0.007 Å, 0.014 ± 0.004 Å, 0.085 ± 0.014 Å, 0.028 ± 0.007 Å, 0.030 Å, 0.010 Å, 0.028 Å, 0.011 Å, 0.027 Å, 0.040 Å, 0.016 Å, 0.029 Å, small, very small, 0.12 Å, 0.15 Å",#N/A,,,,,,FALSE
coordination number changes,1,Chemical,"[7]-fold, [6+1]-fold, [6] to [6+1], [6] to [7]",#N/A,,,,,,FALSE
structural distortion vectors,1,Structural,"rotation of CuO6 octahedra along the axis making 45 degrees with the Cu-O-Cu direction, tilting of the CuO6 octahedra... rotation axis is along the Cu-O-Cu bond direction, D = 0.146 Å, φ = π/4, ϑ = arccos(1/√3), phase-shift vectors, opposite phase shift vectors",#N/A,,,,,,FALSE
partial gap size,1,Electronic,"tens of meV, not gapped, becomes large, present, centered at the K point, 2270 cm^-1, 281 meV, 561 cm^-1, 70 meV, 1100 cm^-1, 136 meV, 1D section becomes gapped, 120 meV, 100 meV, 41 meV, Q1D carriers are gapped, 45 meV, 0.05, reduced upon compressing the lattice, 80 meV, two energy gaps, about 2800 cm^-1, 175 meV, 50 meV, 3000 cm−1, 2770 cm^-1, 890 cm^-1, 2100 cm^-1, 3600 cm^-1, less than 50 meV, 2,000 cm-1 to 3,000 cm-1, 750 meV, 680 meV, 640 meV, 590 meV, 530 meV, 480 meV, 450 meV, 420 meV, 380 meV, 350 meV, 320 meV, 90 meV, 110 meV, 140 meV, 370 meV, 310 meV, 290 meV, 270 meV, 260 meV, 250 meV, 700 meV, 620 meV, 570 meV, 510 meV, 430 meV, 220 meV, comparable, finite gap, ~ 17 meV, 150 meV, 95 meV, ~ 0.47 eV, ~ 20 meV, 20 meV, not observed, gapping around the states at the M-points, 16-18 meV, 0-5 meV, absence of a clear gap opening, 18 meV, ~16 meV, 0 meV, absent, 204 meV, 1647 cm^-1, 2934 cm^-1, 1492 cm^-1, 2700 cm^-1, 1405 cm^-1, 2523 cm^-1, 1363 cm^-1, 2432 cm^-1, 1396(1) cm^-1, 2335(1) cm^-1, 1089(5) cm^-1, 2032(2) cm^-1",2100 cm^-1,* Nevertheless the energy scale of this gap can be obtained as 2Delta2 = 2100 cm-1 (260 meV).,float,0.1% SI,,J,FALSE
pseudogap,1,Electronic,"opening, develops, develops in the low-energy electronic degrees of freedom, depletion of low-energy electronic degrees of freedom, begins to open over the parts of the fermi surface associated with the Van Hove singularity, opened over the entire fermi surface, present, precursor state, correctly named as pseudogaps, 400 cm-1, disappears, observed, exists, isotropic, anisotropic, DOS strictly vanishing only at ω = 0, non-monotonic T-dependence, not related to a true gap, developed, fades out, absent, washes out, filling, wash out, stabilization, at the Fermi energy EF, CDW-like, present already above Tc, pseudogap-type behavior, weak dip structure at EF, finite gap present above TCDW, pseudogap opening, 11 meV, 23 meV, anisotropic pseudogap, not observed, >> 300K",#N/A,,,,,,FALSE
Fermi surface reconstruction features,1,Electronic,"partial destruction of the Fermi line around the saddle points, preserved in the CDW transition with no gap forming, well nested, nested Q1D part, small, closed pockets, 1D and 2D Fermi-surface sections, large sections of the Fermi surface left ungapped, 1D Fermi-surface section is subject to CDW formation, 2D hole section remains ungapped, hole-like square, electron-like outer FS piece, closed CDW replica, electron-like oval pocket, hole-like pocket, shadow bands, arcs around the nodal direction and small pieces near the points X = (pi, 0) and Y = (0, pi), coexisting open sheets and cylinders, sheets of the FS become nested and the Q1D carriers are gapped, narrow electron pocket near the L-point, double-walled barrels in the centre of the new BZ, former K-barrel completely disappears, single hole-like “barrels” centred at Gamma and K points, and electron-like “dogbones” around the M-point, set of nearly circles around new Gamma’-points and rounded triangles around new K’-points, rounded corners of the new small triangular FS, Fermi surface nesting, warping of the Fermi surface (FS), flattening of the dispersion around (π, 0) and gap formation between the nodes and (0, π), non-monotonic variation, four hole pockets with low spectral weight in the outer side, reconstructed toward pockets with low spectral weight in the outer part, Fermi arcs, full FS is ungapped, gapped near the antinode, one less fermi surface sheet around Z, multiband, nesting, Fermi arcs, terminating at hot spots, four Fermi arcs, Fermi pocket, set of four disconnected Fermi arcs, bilayer splitting, finite portions of the Fermi surfaces are ungapped by the CDW, ungapped Fermi arcs, small pockets around (π/2, π/2), locus of minimum excitation energy shifts from kF to a larger value kG ≈ Q/2, dispersion becomes flat for |ky| > kF, quasi-1D Fermi surfaces arising from the 5p orbitals, hole pocket, avoided crossings, appearance of a ghost band in L, Mexican-hat found in L, CDW hot spots coincide with hot spots for (π, π) magnetism, CDW-induced electron pockets, small electron-like FS pockets, signature of FSR, no FSR, small electron pocket, small hole-type pockets, small cylindrical hole-type pockets close to Gamma, (π/2a)(±1, ±1), two large hexagonal Fermi sheets with in-plane spin polarizations and opposite helicities, two large Fermi surfaces with dominant in-plane spin polarization and opposite helicities, reconstructed, abrupt, L-point is folded back to the Gamma-point, violation of Kohler scaling, additional hole pocket around the Gamma point emerges, Fermi surface nesting between symmetry inequivalent electron pockets at M, Fermi surface (red) is a hexagon in the hexagonal Brillouin zone (black), Fermi surface nesting at three momenta Qα, reconstructed Fermi surface with small pockets linked to folded, vanadium-dominated bands, reconstruction of vanadium bands, C-II orbit (dashed) is gapped, introduces one additional triangular orbit around the M-point, preserves higher frequency native V d and Sb p orbits, introduces 3 smaller, Dirac-like orbits, introduces a new high-frequency V d orbit, transport originating from the Dirac modes expected near the M-point, strongly anisotropic pockets, electrons within Dirac-like features associated with the vanadium kagome lattice, shifting and gapping bands around the M and K points, medium-frequency triangular orbit, addition of one Dirac-like orbit, generation of 3 additional Dirac-like modes, preservation of high frequency orbits primarily comprised of Sb-states, introduction of a new triangular orbit, loss of the C-II orbit, Largest perturbation near the Dirac-like bands near M, New bands that appear as a result of the CDW, V d-bands gap and change the Fermi surface, single, large B-II orbit reconstructs into small orbits, generating triangular orbits around the K points, C-II orbit completely gapped out, C-II orbit persists, Dirac-cone-like bands forming a large hexagonal Fermi surface centered at the Gamma point, saddle point near EF at the M point, electron pocket at the Gamma point, snowflake shape centered at the Gamma point, electron pocket at M, hole pocket around K, hole pocket centered at K in FM-1T phase is largely suppressed and pushed down to a lower energy position, windmill-shape band structure, windmill-shape Fermi surfaces, windmill shape Fermi contours, set of six racetracks, open (i.e. centered around (π, π)) Fermi surface",#N/A,,,,,,FALSE
band folding vector,1,Electronic,"2pi/a, 3x3, quadruple folding along the c axis, along the c axis, kz = n*pi/c, n*pi/2c",#N/A,,,,,,FALSE
spectral weight suppression,1,Electronic,"effectively suppressed, strongly reduces the spectral intensity of the Fermi surface along the Γ → X direction, 15-17%, small polaron formation, 66%, 8.90%, antinodal Fermi surface states, strong spectral-weight suppression around EF over the entire FS, dx2-y2 and d3z2-r2 orbitals are located at lower energy, are essentially filled, and do not contribute significantly to the spectral weight, marked suppression of the Drude weight, ±15 meV",15-17%,"* In the next subsection we will estimate this reduction to be 15-17%, but the results shown in Figs. 9 and 10 have not been corrected for this reduction.",float,0.1% SI,,,FALSE
density of states at Fermi level,1,Electronic,"divergent, zero, finite, abrupt decrease, small but finite, reduction, raise, 4 - 6 eV^-1/u.c.v., ~ 77 % of the unmodulated value, ~ 74 % of the unmodulated value, 4.31 eV^-1/cell, smaller, 4.58 eV^-1/cell, 4.53 eV^-1/cell, positive, begins to rise with temperature, starting from zero and reaching a maximum value at T_O-DO, increases, 1/π * Im(sqrt(4d^2 - 4U^2 + U^4) / (2U)), 0, sqrt(4 - U^2) / (2π), decreases by around 40%, depletion, decreases, V-shaped, highly depressed, strongly depressed ... not reaching zero, linearly vanishing, gap, quite sizeable, Reduction, 11.6 eV^-1, 9.3 eV^-1, 5.2 eV^-1, reduces, 4.22 eV^-1 f.u.^-1, 3.19 eV^-1 f.u.^-1, 5.96 eV^-1 f.u.^-1, 7.29 eV^-1 f.u.^-1, 7.50 eV^-1 f.u.^-1, 6.57 eV^-1 f.u.^-1, 6.50 eV^-1 f.u.^-1, 6.87 eV^-1 f.u.^-1, 3.40 eV^-1 f.u.^-1, 6.47 eV^-1 f.u.^-1, 6.56 eV^-1 f.u.^-1, 6.53 eV^-1 f.u.^-1, 2.88 eV^-1 f.u.^-1, 2.9 eV^-1 f.u.^-1, 2.33 eV^-1 f.u.^-1, 1.30 eV^-1 f.u.^-1, fully suppressed, remarkably increased, largely-reduced (fully-suppressed), increased",#N/A,,,,,,FALSE
mobility change,1,Electronic,"minimum in the electron and hole mobilities, minimum",#N/A,,,,,,FALSE
ARPES peak intensity,1,Methods,"decrease, broad quasiparticle peak persists, broad and weak incoherent feature, broadened but still well pronounced quasiparticle peak, double peak structure",#N/A,,,,,,FALSE
phonon soft mode frequency,1,Electronic,"vanishes, softens to ~0.5 THz, imaginary, no softening, below 0 THz, absent (stable), nearly zero, 5 meV, 15 meV, -10.38 meV, -9.17 meV, -9.83 meV, -8.28 meV, -9.61 meV, -8.03 meV, -13.14 meV, -13.18 meV, -10.01 meV, -9.34 meV, 0, ~ 2 * 2 Delta_SC, softens with increasing pressure, hardens, 1.2, 6.7 THz, 6.2 - 6.3 THz, ~ 6.11 THz, 1 meV, 3 meV, 1.9 meV, > 5.7 meV, collapses exactly at 33 K, negative frequency",#N/A,,,,,,FALSE
phonon softening amplitude,1,Electronic,"7 cm-1, 18%, ~ 3 cm^-1, 5 cm^-1, 4 cm^-1, over 10%, 50%, 30%, less than 10%, 5%, virtually no softening, absence of any response",#N/A,,,,,,FALSE
temperature dependence of phonon frequency,1,Electronic,"energies soften as the temperature is increased toward the CDW transition temperature, nearly temperature-independent, essentially temperature independent, strongly temperature dependent, similar softening with increasing temperature, softening",#N/A,,,,,,FALSE
Raman mode frequency,1,Methods,"near 75 cm^-1, near 115 cm^-1, near 134 cm^-1, near 115 cm-1, near 75 cm-1, 134 cm-1, ~134.5 cm-1, ~116 cm-1, ~74 cm-1, increases, softens, decrease, 700-1300 cm-1, 376 cm-1, 391 cm-1, 269 cm-1, 496 cm-1, 569 cm-1, 249 cm-1, 305 cm-1, 294 cm-1, 303 cm-1, 335 cm-1, 237 cm-1, 253 cm-1, 312 cm-1, 118 cm^-1, 79 cm^-1, 137 cm^-1, negligible change, near 137 cm-1, near 118 cm-1, near 79 cm-1, 87 cm^-1, 72 cm^-1, 88 cm^-1, 98 cm^-1, 109 cm^-1, 136 cm^-1, 67 cm-1, 87 cm-1, 141 cm-1, 106 cm-1, observed, 84 cm-1, 116 cm-1, ~ 5 meV or ~ 40 cm^-1, U, approx 0.5, ~ 60 cm-1, ~ 70 cm-1, 113 cm-1, 143 cm-1, close to 60 cm-1, around 70 cm-1, 23 cm^-1, below 50 cm^-1, 113 cm^-1, 143 cm^-1, 0.16 t*, 0.18 t*, 0.02 t*, (U + E)/2, E, (U − E)/2, (3E − U)/2, U − E, about 2Δ, 38 cm^-1, 60 cm^-1, 84 cm^-1, 108 cm^-1, 144 cm^-1, 215 cm^-1, 175-200 cm^-1, below 20 cm-1, 18 cm-1, 2.2 meV, 63 cm^-1, 86 cm^-1, 116 cm^-1, 123 cm^-1, 147 cm^-1, 177 cm^-1, 217 cm^-1, 67 cm^-1, 100 cm^-1, 176 cm^-1, ~ 76 cm-1, ~ 110 cm-1, ~ 75 cm-1, below 80 cm-1, 97 cm-1, 111 cm-1, ~111 cm-1, ~108 cm-1, ~100 cm-1, ~97 cm-1, ~ 190 cm-1, softens by 30%, constant, ~ 40 cm-1, shifts to higher energy, 14 cm^-1, 40 cm^-1, 26 cm-1, 252 cm-1, ~ 130 cm-1, ~ 200 cm-1, ~ 15 cm-1, 39 cm-1, 19 cm-1, 43.5 cm-1, 14 cm-1, about 250 cm-1, large number of new modes, 200 cm-1, 136 cm-1, 134 cm^-1, 136.9 cm^-1, 147.5 cm^-1, 147.3 cm^-1, 200 cm^-1, 194 cm^-1, 195.6 cm^-1, 209.5 cm^-1, 207.9 cm^-1, 30, 31, 28, 74, 78, 80.3, 72.6, 55.9, 93, 94, 94.4, 97, 93.7, 116, 119, 126, 114, 96.8, 115, 118, 111, 112, 136, 138, 136,139, 141,144, 132,135, 148, 154, 155, 144, 157, 151, 158, 163, 173, 176, 180, 166, 179, 168, 187, 195, 200, 202, 201, 203, 189, 204, 206, 215, 214, 199, 212, 217, 314, 317, 327, 328, 297, 57 cm-1, 69 cm-1, 78 cm-1, 88 cm-1, 90 cm-1, 99 cm-1, 122 cm-1, 130 cm-1, 137 cm-1, 150 cm-1, 146 cm-1, 161 cm-1, 155 cm-1, 176 cm-1, 165 cm-1, 178 cm-1, 185 cm-1, 199 cm-1, 218 cm-1, 209 cm-1, 230 cm-1, 243 cm-1, 270 cm-1, 279 cm-1, 304 cm-1, 290 cm-1, 306 cm-1, 315 cm-1, 354 cm-1, 380 cm-1, 378 cm-1, 389 cm-1, 401 cm-1, 411 cm-1, 444 cm-1, 428 cm-1, 451 cm-1, 475 cm-1, 474 cm-1, 486 cm-1, 498 cm-1, 512 cm-1, 551 cm-1, 558 cm-1, 590 cm-1, 571 cm-1, 656 cm-1, 673 cm-1, 692 cm-1, 688 cm-1, 707 cm-1, 710 cm-1, 727 cm-1, 749 cm-1, 766 cm-1, 803 cm-1, 836 cm-1, 824 cm-1, 881 cm-1, 864 cm-1, 180.3 cm^-1, 288.1 cm^-1, 405.4 cm^-1, 327 cm-1",~ 5 meV or ~ 40 cm^-1,* iv) the frequency predicted for the amplitudon at moderately weak coupling is ~ 5 meV or ~ 40 cm^-1,float,0.1% SI,,Hz,FALSE
Raman intensity anomaly,1,Methods,"does not seem to change much, no sharp peak appears, dependence on the Raman light polarization, proportional to Delta_CDW^2, factor of ~ 8 smaller, I_σ+σ+ = I_σ-σ-, I_σ+σ- != I_σ-σ+, photon-helicity-dependent Raman peaks, opposite sigma+sigma- / sigma-sigma+ response, Swapped sigma+sigma- / sigma-sigma+ Raman response, chirality-dependent circularly polarized Raman response",#N/A,,,,,,FALSE
IR absorption frequency,1,Methods,"2000 cm-1, 3000 cm-1, < 1000 cm-1, 561 cm-1, 2270 cm-1, 1100 cm-1, 2920 cm-1, about 5000 cm-1, 7.5 cm^-1, ~ 12 cm^-1, 25 cm-1, meV range, below 100 cm-1, 2100 cm^-1, 3600 cm^-1, 7000 cm^-1, 24000 cm^-1, 140 cm-1, 143 cm^-1, 137 cm^-1, 141.5 cm^-1, 124.8 cm^-1, 101.1 cm^-1, 852 eV <= E <= 853 eV, 854 eV <= E <= 856 eV, 352 cm-1, 355 cm-1, 362 cm-1, 439 cm-1, 364 cm-1, 287 cm-1, 260 cm-1, 254 cm-1, 184 cm-1, 175 cm-1, 154 cm-1, 100 cm-1, 473 cm-1, 357 cm-1, 292 cm-1, 289 cm-1, 253 cm-1, 238 cm-1, 188 cm-1, 139 cm-1, 111 cm-1, 385 cm-1, 371 cm-1, 293 cm-1, 272 cm-1, 182 cm-1, 127 cm-1",#N/A,,,,,,FALSE
IR mode intensity,1,Methods,"disappear, 11000 cm^-1, 35000 cm^-1, large number of new modes, 19455(16), 24967",#N/A,,,,,,FALSE
phonon gap opening,1,Electronic,#N/A,#N/A,,,,,,FALSE
resistivity,1,Electronic,"2 Ωμm, 3 Ωμm, order of magnitude increase, drop, data shown in Figure 1, depressed, metallic behavior, thermally activated behavior, vanishes, metallic, 6 × 10^-9 Ωm, ~ 2.4 × 10^-8 Ωm, 9 * 10^-12 Ohm m, sharp drop, 50 µΩ cm, 1 µΩ cm or less, abrupt step like increase, 1.86 Ohm mu m, drops after CDW transition, reduced by pressure, rho(T), curve plotted, shown in Fig. 6, appreciable difference in single crystals, negligible, immeasurably small, weak (about 5%) stepwise increase, gradual decrease, high resistance, high resistance state, No evident feature, semiconducting, rapidly decreased, sharp upturn, increase of ρ below TMI becomes gradually smaller, small upturn, rapid decrease, small increase, rapidly decreases, delicacies, increases modestly with decreasing temperature, large upward jump, 1.4 mΩ cm, temperature dependence normalized at 300 K, abrupt upturn, normalized to 300 K, abrupt increase, anomalous maximum, thermal hysteresis, rapid drop, 44, 13, 4, measured zero-field resistivity, peculiarity corresponding to the CDW transition at T = 336 K is very weak, ~ 10^-3 mOhm cm, ~ 10^0 mOhm cm, anomalous resistivity peak, suppresses the anomalous resistivity peak, dramatic increase, temperature dependence measured, temperature dependence, broad hump, broad hump-like feature, linear-in-T, ~ T^3/2, ∝ exp[E0/kBT]",weak (about 5%) stepwise increase,"* Also the DC resistivity has a completely different behavior16, showing a weak (about 5%) stepwise increase below 148 K",float,0.1% SI,,ohm.m,FALSE
dœÅ/dT slope,1,Electronic,#N/A,#N/A,,,,,,FALSE
Hall coefficient,1,Electronic,"0, ~ -14 mm^3/C, drops, negative, drop, no downturn, hole - rather than electron-like, progressive diminution of the absolute value, RH vs T, suppression of structural/magnetic ordering temperature, remain nearly constant, shows a drop, dramatically decrease, pressure dependent, -3.1 x 10^-7 m^3 C^-1, -1.75 x 10^-7 m^3 C^-1, weakly temperature dependent, giant anomalous Hall response",#N/A,,,,,,FALSE
magnetoresistance,1,Electronic,"measured as a function of magnetic field B, measured as a function of B, observed, plotted, Quantum oscillations, negative, positive, field-dependent, measured, striking angular dependent magnetoresistance (ADMR), largest, upturn, decrease monotonically by several orders of magnitude, vanish, largest for the B//c orientation, limited to a few percent, Positive, weakly field- and temperature-dependent, strong resistance anomaly, increases almost exponentially, decreases sharply, large linear, suddenly disappears, large positive, 62, dramatically decrease, pressure dependent, weak, weakly modifies the resistivity, notable decrease in resistance, 3%, -40 %, 12%",#N/A,,,,,,FALSE
Seebeck coefficient,1,Electronic,"vanishes, negative, negative values, increases steadily with decreasing T, increases with decreasing T, drops to negative values, increasingly negative, no decrease, change of sign, changes sign, sign change",#N/A,,,,,,FALSE
thermal conductivity,1,Electronic,"suppressed, LT/4π",#N/A,,,,,,FALSE
activation energy,1,Electronic,"12 meV, 8K, 790 K, 11.3 meV, 25.1 meV, 675 ± 25 cm-1",#N/A,,,,,,FALSE
magnetic susceptibility,1,Electronic,"anisotropic, χ_half = (ħω_c / eρ_xy) * (F / μ_0 H^2), χ_int = -(πω_c τ / 4) * (ħω_c / eρ_xy) * (F / μ_0 H^2), presented in Figure 4, presented in Figure 4 inset, data plotted, -0.1 to -0.4 %, approx -0.05 %, -2 to -10 %, oscillating, -5 to -10 %, large diamagnetic drop, upward jump, drop, Figure 2(A), constant diamagnetic behavior, Curie-Weiss paramagnetism, Temperature dependence, 4pi*chi, increases with T, clear reduction, paramagnetic behavior, sharp maximum, obeys the Curie-Weiss law, anomalously enhanced, temperature dependent, remains fairly flat down to the lowest measured temperature below TN, dips, peak, sharp drop, relatively flat, sharply recovers, sharply drops, significantly larger than that at high field, anomalous peaks, smaller than high-field, Curie-Wiess law, measured",4pi*chi,"* Temperature dependence of magnetic susceptibility (4πχ) for x = 0.6 (c)
* Temperature dependence of magnetic susceptibility (4πχ) for ... x = 0.5 (d).",float,0.1% SI,,,FALSE
magnetization,1,Electronic,"oscillatory with field-induced transitions, measured as a function of B, no pronounced discontinuities, 7 Am^-1, Figure 4d, 0.33 µB, diamagnetic signal, enhancement, vanishes, hysteresis loop, does not follow a linear relationship with µ0H, 0.27 µB, 1.5 µB, 1.6 µB, approx. 1.5 µB, 0, proportional to the time derivative of the strain tensor Ẇ, directly proportional to the strain tensor u, no net magnetization, 0.7, 0.15, no ferromagnetism, uniformly distributed, spin oscillation along x axis",#N/A,,,,,,FALSE
field-induced CDW changes,1,Electronic,"presence of stripes near a superconducting vortex, no change, transitions between subphases with quantized values of the CDW wavevector, 23 T, 32 T, 29 T, 33 T, new nesting and/or quantum oscillatory behavior, pressure-induced quenching of the CDW phase, stabilization of a high resistance Peierls charge-density-wave (CDW) phase, stabilization of a soliton wall superlattice (SWS) CDW phase, one of the CDW transitions is suppressed, first-order transitions α' and β' observed between 52 and 55 T, sliding of its two charge density waves (CDW) in an external electric field",#N/A,,,,,,FALSE
magnetic field for CDW melting,1,Environmental,"0.56 Delta_00, 0.41 Delta_00, around 45 kOe, ~ 25 kbar, ~ 37 T, 52.3 T, 54.2 T, 75 T, 4 GPa, around 2 GPa",#N/A,,,,,,FALSE
spin-related anomalies,1,Electronic,synchronous dimerization of the S = 1/2 Pt spins,#N/A,,,,,,FALSE
measurement temperature,,Environmental,,,,,,,,TRUE
applied pressure,,Environmental,,,,,,,,TRUE
magnetic field,,Environmental,,,,,,,,TRUE
electric field,,Environmental,,,,,,,,TRUE
measurement frequency,,Methods,,,,,,,,TRUE
sample orientation,,Methods,,,,,,,,TRUE
environment,,Environmental,,,,,,,,TRUE
sample state,,Methods,,,,,,,,TRUE
