property_name,count,count of units,examples of property_value/property_unit pairs,data_type,rubric,category,definition,SI
shape,28,0,"3/-, 1/-, 5/-",Integer,categorical,Structural,"*sample form (1: single phase(bulk),2: multi phase (bulk),3: single crystal(bulk) ,4:film,5:film(single))",
common formula of materials,27,0,"Ru7B3/-, (Sr,Ca)14Cu24O41/-, (Sr,Ba)14Cu24O41/-",String,pymatgen,Chemical,common formula of materials,
Tc (of this sample) recommended,23,1,"2.8/K, 3.3/K, 3.7/K",Float,0.1% SI,Electronic,The recommended superconducting critical temperature ($T_c$) specific to the sample.,
common name of structure,22,0,"Th7Fe3/-, LAD/-, T/-",String,categorical,Structural,"The conventional or informal name for a material's crystal structure, as commonly used within the condensed matter physics community, particularly as it relates to superconducting materials.",
lattice constant c,17,1,"4.7/A, 3.906/A, 3.96/A",Float,0.1% SI,Structural,"The length of the unit cell along the c-axis, critical to the crystal structure in condensed matter physics and superconductivity.",
lattice constant a,17,1,"7.441/A, 11.25/A, 11.52/A",Float,0.1% SI,Structural,The crystallographic parameter 'a' defining the length of the unit cell along the 'a' direction.,
raw materials,15,0,"La,Ru,P/-, PbBi2Te4/-, Ir(4N),Sn(5N)/-",String,pymatgen,Chemical,The foundational substances used for the synthesis of a specific superconducting material.,
lattice constant b,14,1,"12.43/A, 13.8/A, 13.4/A",Float,0.1% SI,Structural,"The length of the unit cell edge along the 'b' direction, which defines the crystal structure geometry in condensed matter materials like superconductors.",
Tc from susceptibility measurement,13,1,"2.8/K, 3.3/K, 0.9/K",Float,0.1% SI,Electronic,"The critical temperature (Tc) of a superconductor as determined by the abrupt change in magnetic susceptibility, which signifies the onset of perfect diamagnetism and the superconducting state.",
*preparation method,11,0,"9/-, 16/-, 18/-",Integer,categorical,Chemical,The specific technique or process used to create or synthesize the material sample.,
transition temperature (R = 100%),9,0,"90.4/-, 90.3/-, 90/-",Float,0.1% SI,Electronic,"The critical temperature ($T_c$) of a superconductor, measured at the onset of superconductivity (where electrical resistivity R = 100%).",
thermal conductivity at 300 K for heat flow//ab-plane,7,1,"3.88/W/m.K, 4.32/W/m.K, 5.79/W/m.K",Float,0.1% SI,Electronic,thermal conductivity at 300K for heat flow//ab-plane,
thermal conductivity at 300 K for heat flow//c-axis,7,1,"2.37/W/m.K, 2.27/W/m.K, 2.17/W/m.K",Float,0.1% SI,Electronic,thermal conductivity at 300K for heat flow//c-axis,
space group,7,0,"P6<3>mc/-, I4/mmm/-, R-3m/-",String,categorical,Structural,space group,
resistivity at normal-T for poly crystal,7,2,"3/uOhm.cm, 901/uOhm.cm, 392/uOhm.cm",Float,0.1% SI,Electronic,resistivity at normal-T for poly crystal,
Hc2 at 0 K for poly crystal,7,2,"5.8/T, 8/mT, 8.1/mT",Float,0.1% SI,Electronic,Hc2 at 0 K for poly crystal,
method of Hc2 derivation,7,3,"SP-heat/T, RES, R=0.5Rn, WHH/Oe, resistivity/T",String,categorical,Methods,method of Hc2 derivation,
temperature independent term in susceptibility,6,1,"-0.000051/emu/mol, -0.000133/emu/mol, 0.000113/emu/mol",Double,0.1% SI,Electronic,"The static magnetic susceptibility, $\chi(0)$, representing the term in susceptibility that is independent of temperature, often associated with Temperature Independent Paramagnetism (TIP).",
resistivity at RT for single crystal for J//c-axis,6,2,"0.097/mOhm.cm, 1350/mohmcm, 650/mohmcm",Float,0.1% SI,Electronic,Electrical resistivity measured in a single crystal at room temperature (RT) with the current density (J) directed parallel to the crystallographic c-axis.,
method of PENET derivation,5,1,"G-L theory, Hc(0)/A, from Hc1(T)/A, Determined from Microwave Data./A",String,categorical,Methods,The technique used to measure the penetration depth of a superconductor.,
measuring temperature,5,0,"1.8/-, 0.5/-, 0.15/-",Float,0.1% SI,Environmental,measuring temperature,
method of COHERE derivation,5,1,"from Hc2/A, from Hc2(0)/A, Determined from Microwave Data./A",String,categorical,Methods,The technique used to determine the superconducting coherence length.,
volume fraction of Meissner effect(%),5,0,"80/-, 12.1/-, 15.5/-",Float,0.1% SI,Electronic,"volume fraction of Meissner effect, unit=%",
temperature dependence of LATC,5,1,"-0.0075/A/GPa, -0.00741/A/GPa, -0.01/A/GPa",Float,0.1% SI,Electronic,The change in the lattice constant c of a crystal structure with respect to temperature.,
temperature dependence of LATB,5,1,"-0.087/A/GPa, -0.125/A/GPa, -0.1/A/GPa",Float,0.1% SI,Electronic,The change in the lattice constant along the 'b' direction of a crystal structure with respect to temperature.,
resistivity at 77 K for single crystal for J//c-axis,5,1,"1700/mohmcm, 1280/mohmcm, 1350/mohmcm",Float,0.1% SI,Electronic,"Electrical resistivity of a single crystal at 77 K (liquid nitrogen temperature), measured with the current density (J) parallel to the crystallographic c-axis.",
temperature dependence of LATA,5,1,"-0.013/A/GPa, -0.0113/A/GPa, -0.01/A/GPa",Float,0.1% SI,Electronic,The variation of the lattice constant 'a' of a crystal structure with changes in temperature.,
resistivity at RT for single crystal for J//ab-plane,4,3,"0.055/mOhm.cm, 110/uOhm.cm, 2/mohmcm",Float,0.1% SI,Electronic,"The electrical resistivity of a single-crystal material at room temperature (RT), measured with the current density (J) parallel to the crystal's ab-plane.",
"*crystal structure, symmetry",4,0,"6/-, 1/-, 3/-",Integer,categorical,Structural,"*crystal structure, symmetry ( 1=cubic,2=tetragonal,3=orthorhombic,4=monoclinic,5=triclinic,6=trigonal,7=hexagonal)",
method of dHc2/dT derivation,4,2,"SP-heat/T/K, RES,SP/mT/K, direct observation./T/K",String,categorical,Methods,"method of dHc2/dT derivation (1.magnetization, 2.ac susceptibility, 3.resistivity, 4.heat capacity, 5.tunneling, 6.infrared spectroscopy, 7.thermal conductivity, 8.Raman spectroscopy , 9.nuclear magnetic resonance, 10.surface impedance, 11.neutron diffraction, 12.photoemission spectroscopy, 13.microwave transmission, 14.Others)",
Neel temperature,4,0,"242/-, 306/-, 35/-",Float,0.1% SI,Electronic,Neel temperature,
method of Hc1 derivation,4,2,"linear M-H curve/Oe, M-H curve, linear approx./Oe, M-H curve/mT",String,categorical,Methods,"method of Hc1 derivation (1.magnetization, 2.ac susceptibility, 3.resistivity, 4.heat capacity, 5.tunneling, 6.infrared spectroscopy, 7.thermal conductivity, 8.Raman spectroscopy , 9.nuclear magnetic resonance, 10.surface impedance, 11.neutron diffraction, 12.photoemission spectroscopy, 13.microwave transmission, 14.Others)",
resistivity at normal-T for single crystal for J//c-axis,3,1,"1120/mohmcm, 100/mohmcm, 750/mohmcm",Float,0.1% SI,Electronic,"Electrical resistivity of a single crystal above its critical temperature, measured with current density parallel to the c-axis.",
lowest temperature for measurement (not superconducting),3,1,"1.5/K, 0/K",Float,0.1% SI,Environmental,The minimum measured temperature for samples that do not exhibit superconductivity.,
"normarized energy gap at 0 K , 2delta(0)/kTc",3,2,"3.3/meV, 3.55/-, 3.68/k<B>T",Float,0.1% SI,Electronic,"normarized energy gap at 0 K , 2delta(0)/kTc",
resistivity at normal-T for single crystal for J//ab-plane,3,3,"8.9/uOhm.cm, 0.03/m.ohm.cm, 4.85/ohm",Float,0.1% SI,Electronic,"Electrical resistivity of a single crystal superconductor measured in the normal state (above $T_c$), with the current density (J) directed parallel to the crystallographic $ab$-plane.",
method for derivation of Debye temperature,3,0,"SP-heat/-, SP/-",String,categorical,Methods,method for derivation of Debye temperature,
method of measuring energy gap,3,2,"14/meV, 14/-, 14/k<B>T",Integer,categorical,Methods,"Experimental techniques used to determine the gap energy in superconductors, including tunneling, infrared spectroscopy, thermal conductivity, Raman spectroscopy, AC susceptibility, nuclear magnetic resonance, surface impedance, neutron diffraction, ultraviolet photoemission spectroscopy, and microwave transmission.",
resistivity at RT for poly crystal,3,2,"80/uOhm.cm, 0.026/ohm.cm, 279.2/uOhm.cm",Float,0.1% SI,Electronic,resistivity at RT for poly crystal,
isotope element,3,0,O/-,String,categorical,Chemical,The element in a superconductor that is isotopically varied to measure the critical temperature change due to the isotope effect.,
penetration depth at 0 K for poly crystal,3,1,"800/A, 1700/A, 1150/A",Float,0.1% SI,Electronic,penetration depth at 0 K for poly crystal,
penetration depth at 0 K for single crystal for H //ab-plane,3,1,"3520/A, 2630/A, 1170/A",Float,0.1% SI,Electronic,penetration depth at 0 K for single crystal for H //ab plane,
,3,2,"9.83/mT/K, 2.5/T/K, 2.4/T/K",Missing,,,#N/A,
Hc2 at 0 K for single crystal for H //ab-plane,3,2,"1.72/T, 1140/Oe, 21.7/T",Float,0.1% SI,Electronic,Hc2 at 0 K for single crystal for H //ab plane,
coherence length at 0 K for poly crystal,3,1,"540/A, 20/A, 1930/A",Float,0.1% SI,Electronic,coherence length at 0 K for poly crystal,
*method of analysis for structure,3,0,"1/-, 3/-",String,categorical,Methods,*method of analysis for structure (1.X-ray crystallography 2.Neutron　crystallography 3.Powder x-ray diffraction 4.Powder neutron diffraction　5.Electron diffraction）,
exchange ratio of isotope(%),3,0,"85/-, 86/-, 90/-",Float,0.1% SI,Chemical,"The isotope shift coefficient ($\alpha$) quantifying the dependence of the superconducting transition temperature ($T_c$) on the atomic mass ($M$) of the constituent elements, where $T_c \propto M^{-\alpha}$.",
DTC = Tc - Tc0 for isotope element,3,0,"2.6/-, 1.5/-, 1.6/-",Float,0.1% SI,Electronic,The change in superconducting critical temperature due to the presence of an isotope element.,
"alpha in Tc = A * M^(-alpha), isotope effect",3,0,"0.9/-, 0.5/-, 0.54/-",Float,0.1% SI,Electronic,"The exponent $\alpha$ relating the critical temperature ($T_c$) of a superconductor to the isotopic mass ($M$) as $T_c \propto M^{-\alpha}$, defining the magnitude of the isotope effect.",
carrier density at 300 K,3,3,"3.00E+22/n/cm3, 6.98E+27/n/m3, 4.80E+16/cm-2",Double,0.1% SI,Electronic,carrier density at 300K,
coefficient of electronic specific heat,3,1,"43.7/mJ/mol.K2, 5.2/mJ/mol.K2, 111.8/mJ/mol.K2",Float,0.1% SI,Electronic,coefficient of electronic specific heat,
coherence length at 0 K for single crystal for H //ab-plane,3,1,"138/A, 14.2/A, 14.5/A",Float,0.1% SI,Electronic,coherence length at 0 K for single crystal for H //ab plane,
Debye temperature,3,0,"640/-, 221/-, 428/-",Float,0.1% SI,Electronic,Debye temperature,
transition temperature (R = 0),2,0,"0.84/-, 2.76/-",Float,0.1% SI,Electronic,The temperature below which a superconductor exhibits zero electrical resistivity ($R=0$).,
Hc1 at given temperature for poly crystal,2,2,"3/mT, 10/Oe",Float,0.1% SI,Electronic,Hc1 at given temperature for poly crystal,
Hc1 at 0 K for single crystal for H //ab-plane,2,1,"53/Oe, 230/Oe",Float,0.1% SI,Electronic,Hc1 at 0 K for single crystal for H //ab plane,
resistivity at 77 K for single crystal for J//ab-plane,2,1,"0.6/mohmcm, 0.4/mohmcm",Float,0.1% SI,Electronic,"The electrical resistivity of a single crystal measured at 77 Kelvin, with the current density (J) applied parallel to the crystal's ab-plane.",
tc measurement method,2,1,"1/K, 3/K",Integer,categorical,Methods,"A technique used to determine the superconducting critical temperature ($T_c$), categorized by methods such as: 1. magnetization, 2. AC susceptibility, 3. resistivity, 4. heat capacity, 5. tunneling, 6. infrared spectroscopy, 7. thermal conductivity, 8. Raman spectroscopy, 9. nuclear magnetic resonance, 10. surface impedance, 11. neutron diffraction, 12. photoemission spectroscopy, 13. microwave transmission, or 14. others.",
Curie temperature,2,0,"-1.23/-, -1.82/-",Float,0.1% SI,Electronic,Curie temperature,
Curie constant,2,1,"0.0000717/emu/mol, 0.000288/emu/mol",Double,0.1% SI,Electronic,Curie constant,
target material,2,0,"Bi2212 composition/-, stoichiometric YBCO/-",String,pymatgen,Chemical,The source material used for the synthesis of a superconducting material.,
thermal conductivity at 300 K,2,2,"1.54/W/K.m, 7.29/W/m.K",Float,0.1% SI,Electronic,"The material's ability to conduct heat, measured at a temperature of 300 Kelvin.",
international table number,2,0,"186/-, 217/-",Integer,categorical,Structural,"The number assigned to a space group, found in the International Tables for Crystallography, which defines the symmetry of a crystal structure.",
"Jc at 4.2 K, H = 0 T",2,0,"12000000/-, 2700000/-",Double,0.1% SI,Electronic,"Jc at 4.2K, H=0 T",
magnetic field for Hall effect,2,0,1/-,Float,0.1% SI,Environmental,magnetic field for Hall effect,
"energy gap at 0 K , delta(0)",2,2,"0.38/meV, 10.6/k<B>T",Float,0.1% SI,Electronic,"The minimum energy, denoted as $\Delta(0)$, required to break an electronic pair into two individual quasi-particles in a superconductor at absolute zero (0K).",
density (gcm-3),2,0,"10/-, 13.98/-",Float,0.1% SI,Chemical,Density,
Hc2 at 0 K for single crystal for H //c-axis,2,2,"1.58/T, 1140/Oe",Float,0.1% SI,Electronic,Hc2 at 0 K for single crystal for H //c-axis,
transition temperature (mid point),2,0,"3.7/-, 0.93/-",Float,0.1% SI,Electronic,The critical temperature ($T_c$) of a superconductor measured as the temperature at which the electrical resistivity (R) reaches 50% of its normal-state value during the transition to the superconducting state.,
Hc2 at given temperature for single crystal H//ab-plane,2,1,"0/T, 8.35/T",Float,0.1% SI,Electronic,Hc2 at given temperature for single crystal H//ab-plane,
transition width for resistive transition,2,1,"0.1/K, 0.15/K",Float,0.1% SI,Electronic,The temperature range where a superconductor's electrical resistivity drops from 90% to 10% during the transition to the superconducting state.,
coherence length at 0 K for single crystal for H ⊥ab-plane,2,1,"144/A, 22/-",Float,0.1% SI,Electronic,"The characteristic size of a Cooper pair or the spatial scale over which the superconducting order parameter varies at zero temperature, measured for a single crystal with the magnetic field applied perpendicular to the ab-plane.",
"Jc at T = 77 K, H = 0 T",2,0,"100000/-, 500000/-",Double,0.1% SI,Electronic,"Jc at T=77K,H=0T",
magnetic moment per formula,2,1,0.00482/myu-B/mol,Float,0.1% SI,Electronic,magnetic moment per formula,
substrate,1,0,Mo foil/-,String,pymatgen,Environmental,The foundational material onto which a superconducting thin film is grown or deposited.,
Hall coefficient at 300 K,1,1,8.95E-10/m3/C,Double,0.1% SI,Electronic,Hall coefficient at 300K,
thermopower at 300 K for parallel to ab-plane,1,1,100/microW/mK2,Float,0.1% SI,Electronic,thermopower at 300K for parallel to ab-plane,
-slope in Hc2 vs T at Tc for single crystal for H //c-axis,1,1,0.707/T/K,Float,0.1% SI,Electronic,-slope in Hc2 vs T at Tc for single crystal for H //c-axis,
-slope in Hc2 vs T at Tc for single crystal for H //ab-plane,1,1,0.782/T/K,Float,0.1% SI,Electronic,-slope in Hc2 vs T at Tc for single crystal for H //ab plane,
thermopower at 300 K,1,1,10.1/uV/K,Float,0.1% SI,Electronic,thermopower at 300K,
specific heat jump at Tc (delta-C),1,1,1.51/gamma*Tc,Float,0.1% SI,Electronic,specific heat jump at Tc (delta-C),
resistivity at 77 K for poly crystal,1,1,0.033/ohm.cm,Float,0.1% SI,Electronic,resistivity at 77K for poly crystal,
"Hall coefficient at 300 K for single, H//ab-plane",1,1,-3.00E-10/m3/C,Double,0.1% SI,Electronic,"The measure of how free charge carriers in a single-crystal material respond to a magnetic field applied parallel to the ab-plane, specifically measured at 300 K.",
"Hall coefficient at 300 K for single, H//c-axis",1,1,3.00E-10/m3/C,Double,0.1% SI,Electronic,"The Hall coefficient measured at 300 K for a single-crystal material, specifically indicating the response of free charge carriers to a magnetic field applied parallel to the c-axis.",
Hc2 at given temperature for single crystal H//c-axis,1,1,0.327/T,Float,0.1% SI,Electronic,Hc2 at given temperature for single crystal H//c-axis,
normal temperature,1,0,10/-,Float,0.1% SI,Environmental,"The temperature, typically room temperature, at which a material is in its normal state and does not exhibit superconductivity.",
Hc2 at given temperature for poly crystal,1,1,6.8/mT,Float,0.1% SI,Electronic,Hc2 at given temperature for poly crystal,
penetration depth at 0 K for single crystal for H⊥ab-plane,1,1,3110/A,Float,0.1% SI,Electronic,"The magnetic field penetration distance in a single crystal superconductor at zero temperature, measured with the field perpendicular to the ab-plane, reflecting the superfluid density along the c-axis.",
pressure dependence of LATA,1,1,0.08/%/GPa,Float,0.1% SI,Structural,The change in the lattice constant 'a' (a crystallographic dimension) of a material in response to applied external pressure.,
pressure dependence of LATB,1,1,0.73/%/GPa,Float,0.1% SI,Structural,The rate at which the lattice constant 'b' of a crystal structure changes in response to applied external pressure.,
pressure dependence of LATC,1,1,0.22/%/GPa,Float,0.1% SI,Structural,The change in the lattice constant 'c' (one of the unit cell dimensions) of a crystal structure in response to applied pressure.,
Hc1 at given temperature for single crystal H//c-axis,1,1,100/Oe,Float,0.1% SI,Electronic,Hc1 at given temperature for single crystal H//c-axis,
resistivity at 4.2 K for poly crystal,1,1,4.22/mic.ohm.cm,Float,0.1% SI,Electronic,resistivity at 4.2K for poly crystal,
resistivity at 4.2 K for single crystal for J//ab-plane,1,1,0.014/mOhm.cm,Float,0.1% SI,Electronic,Electrical resistivity measured at 4.2 Kelvin for a single-crystal material when the current density (J) flows parallel to the ab-plane of the crystal structure. This value typically represents the residual or normal-state resistivity just above the superconducting transition temperature.,
resistivity at 4.2 K for single crystal for J//c-axis,1,1,0.026/mOhm.cm,Float,0.1% SI,Electronic,"The electrical resistivity of a single crystal, measured at 4.2 K, with the current density (J) directed parallel to the c-axis, used to study fundamental electronic transport properties at cryogenic temperatures.",
Hc1 at given temperature for single crystal H//ab-plane,1,1,114/Oe,Float,0.1% SI,Electronic,Hc1 at given temperature for single crystal H//ab-plane,
Hc1 at 0 K for single crystal for H //c-axis,1,1,68/Oe,Float,0.1% SI,Electronic,Hc1 at 0 K for single crystal for H //c-axis,
Hc1 at 0 K for poly crystal,1,1,57/Oe,Float,0.1% SI,Electronic,Hc1 at 0 K for poly crystal,
"Hall coefficient for single, H//c-axis",1,0,8.95E-10/-,Double,0.1% SI,Electronic,"The Hall coefficient specifically measured in a single crystal material where the applied magnetic field (H) is oriented parallel to the crystallographic c-axis, quantifying the response of free charge carriers to the magnetic field in this configuration.",
maximum pressure applied,1,0,50.8/-,Float,0.1% SI,Environmental,The highest pressure applied to a sample in an experiment.,